item_id,order_id,product_id,quantity,unit_price,discount_percent
ITEM000001,ORD00001,PROD00154,4,57.69,40.0
ITEM000002,ORD00001,PROD00216,5,39.73,0.0
ITEM000003,ORD00001,PROD00015,3,169.65,30.0
ITEM000004,ORD00001,PROD00483,3,310.73,0.0
ITEM000005,ORD00002,PROD00497,3,510.61,0.0
ITEM000006,ORD00003,PROD00236,3,77.13,0.0
ITEM000007,ORD00003,PROD00158,4,137.63,0.0
ITEM000008,ORD00004,PROD00079,-6,11.67,0.0
ITEM000009,ORD00004,PROD00052,7,120.85,50.0
ITEM000010,ORD00005,PROD00362,2,214.8,0.0
ITEM000011,ORD00005,PROD00479,6,72.11,30.0
ITEM000012,ORD00005,PROD00447,7,534.96,0.0
ITEM000013,ORD00005,PROD00343,1,421.16,10.0
ITEM000014,ORD00006,PROD00186,1,618.07,5.0
ITEM000015,ORD00006,PROD00331,8,520.03,0.0
ITEM000016,ORD00006,PROD00223,7,206.24,0.0
ITEM000017,ORD00007,PROD00160,8,605.71,50.0
ITEM000018,ORD00007,PROD00092,2,12.05,0.0
ITEM000019,ORD00007,PROD00352,7,641.65,0.0
ITEM000020,ORD00008,PROD00066,7,193.26,0.0
ITEM000021,ORD00008,PROD00335,7,337.1,0.0
ITEM000022,ORD00008,PROD00218,2,530.74,20.0
ITEM000023,ORD00009,PROD00400,6,53.41,40.0
ITEM000024,ORD00009,PROD00403,7,122.96,0.0
ITEM000025,ORD00009,PROD00346,1,103.76,50.0
ITEM000026,ORD00010,PROD00264,8,360.12,0.0
ITEM000027,ORD00010,PROD00021,8,430.92,0.0
ITEM000028,ORD00011,PROD00130,5,297.89,0.0
ITEM000029,ORD00011,PROD00137,6,61.19,0.0
ITEM000030,ORD00011,PROD00153,2,302.76,0.0
ITEM000031,ORD00012,PROD00128,2,317.69,0.0
ITEM000032,ORD00012,PROD00253,5,119.37,0.0
ITEM000033,ORD00012,PROD00317,8,374.8,0.0
ITEM000034,ORD00012,PROD00020,2,409.32,40.0
ITEM000035,ORD00013,PROD00475,5,249.01,0.0
ITEM000036,ORD00013,PROD00487,2,548.1,0.0
ITEM000037,ORD00013,PROD00060,5,511.29,25.0
ITEM000038,ORD00014,PROD00356,6,679.2,0.0
ITEM000039,ORD00014,PROD00479,3,79.63,25.0
ITEM000040,ORD00015,PROD00466,5,215.36,0.0
ITEM000041,ORD00015,PROD00010,3,71.22,0.0
ITEM000042,ORD00015,PROD00405,6,568.24,0.0
ITEM000043,ORD00015,PROD00364,2,185.5,25.0
ITEM000044,ORD00016,PROD00302,6,358.15,0.0
ITEM000045,ORD00016,PROD00286,6,187.81,10.0
ITEM000046,ORD00016,PROD00237,8,411.39,30.0
ITEM000047,ORD00016,PROD00200,1,137.92,0.0
ITEM000048,ORD00017,PROD00324,6,440.38,25.0
ITEM000049,ORD00018,PROD00156,6,455.84,0.0
ITEM000050,ORD00018,PROD00080,3,144.02,0.0
ITEM000051,ORD00018,PROD00213,1,406.97,0.0
ITEM000052,ORD00019,PROD00121,3,12.28,40.0
ITEM000053,ORD00019,PROD00050,4,62.77,0.0
ITEM000054,ORD00019,PROD00092,7,14.94,0.0
ITEM000055,ORD00019,PROD00112,5,494.12,0.0
ITEM000056,ORD00020,PROD00341,6,344.04,0.0
ITEM000057,ORD00021,PROD00440,8,501.81,40.0
ITEM000058,ORD00021,PROD00474,7,600.71,0.0
ITEM000059,ORD00022,PROD00391,3,340.47,0.0
ITEM000060,ORD00022,PROD00298,7,522.59,25.0
ITEM000061,ORD00022,PROD00115,2,113.26,5.0
ITEM000062,ORD00023,PROD00313,8,44.83,40.0
ITEM000063,ORD00023,PROD00381,7,54.48,10.0
ITEM000064,ORD00023,PROD00235,4,193.95,40.0
ITEM000065,ORD00024,PROD00068,1,368.95,0.0
ITEM000066,ORD00024,PROD00126,8,384.92,20.0
ITEM000067,ORD00024,PROD00257,6,83.65,40.0
ITEM000068,ORD00025,PROD00370,1,112.81,20.0
ITEM000069,ORD00025,PROD00444,8,587.55,0.0
ITEM000070,ORD00025,PROD00214,2,409.46,25.0
ITEM000071,ORD00025,PROD00366,8,183.25,0.0
ITEM000072,ORD00026,PROD00425,1,87.53,25.0
ITEM000073,ORD00026,PROD00323,7,145.25,0.0
ITEM000074,ORD00026,PROD00434,2,250.55,0.0
ITEM000075,ORD00026,PROD00337,4,171.47,0.0
ITEM000076,ORD00027,PROD00169,2,205.85,10.0
ITEM000077,ORD00028,PROD00176,8,14.01,0.0
ITEM000078,ORD00028,PROD00133,1,405.21,0.0
ITEM000079,ORD00028,PROD00148,6,219.68,15.0
ITEM000080,ORD00029,PROD00291,8,255.06,10.0
ITEM000081,ORD00029,PROD00381,3,57.74,0.0
ITEM000082,ORD00030,PROD00132,1,159.26,0.0
ITEM000083,ORD00030,PROD00076,5,494.75,0.0
ITEM000084,ORD00030,PROD00446,7,111.02,50.0
ITEM000085,ORD00030,PROD00330,6,226.63,0.0
ITEM000086,ORD00031,PROD00332,8,287.73,5.0
ITEM000087,ORD00031,PROD00343,6,445.23,0.0
ITEM000088,ORD00031,PROD00077,2,464.76,0.0
ITEM000089,ORD00031,PROD00236,1,93.26,25.0
ITEM000090,ORD00032,PROD00380,1,401.97,0.0
ITEM000091,ORD00032,PROD00169,5,196.77,0.0
ITEM000092,ORD00033,PROD00497,8,636.02,0.0
ITEM000093,ORD00034,PROD00409,4,177.93,10.0
ITEM000094,ORD00034,PROD00021,5,558.32,0.0
ITEM000095,ORD00034,PROD00098,2,240.86,0.0
ITEM000096,ORD00035,PROD00032,4,503.23,0.0
ITEM000097,ORD00035,PROD00238,1,20.42,10.0
ITEM000098,ORD00035,PROD00245,2,351.82,0.0
ITEM000099,ORD00036,PROD00307,1,575.57,5.0
ITEM000100,ORD00036,PROD00369,4,151.28,20.0
ITEM000101,ORD00037,PROD00129,5,344.83,0.0
ITEM000102,ORD00038,PROD00264,5,304.71,0.0
ITEM000103,ORD00038,PROD00175,5,32.27,0.0
ITEM000104,ORD00038,PROD00388,-8,577.11,25.0
ITEM000105,ORD00038,PROD00241,3,152.11,0.0
ITEM000106,ORD00039,PROD00049,8,292.96,10.0
ITEM000107,ORD00039,PROD00100,4,400.12,0.0
ITEM000108,ORD00039,PROD00164,8,692.21,0.0
ITEM000109,ORD00040,PROD00293,6,23.76,10.0
ITEM000110,ORD00040,PROD00437,3,283.85,0.0
ITEM000111,ORD00041,PROD00335,7,305.21,0.0
ITEM000112,ORD00041,PROD00478,5,118.91,0.0
ITEM000113,ORD00041,PROD00373,6,307.38,0.0
ITEM000114,ORD00041,PROD00202,1,285.2,0.0
ITEM000115,ORD00042,PROD00182,3,382.73,5.0
ITEM000116,ORD00042,PROD00420,4,483.75,0.0
ITEM000117,ORD00042,PROD00427,6,224.49,0.0
ITEM000118,ORD00042,PROD00286,4,223.34,20.0
ITEM000119,ORD00043,PROD00055,3,334.37,0.0
ITEM000120,ORD00043,PROD00370,1,102.13,0.0
ITEM000121,ORD00043,PROD00492,8,171.75,50.0
ITEM000122,ORD00044,PROD00052,6,104.92,0.0
ITEM000123,ORD00045,PROD00057,2,317.34,20.0
ITEM000124,ORD00045,PROD00423,3,215.71,0.0
ITEM000125,ORD00045,PROD00288,4,327.91,0.0
ITEM000129,ORD00047,PROD00186,5,613.08,5.0
ITEM000130,ORD00047,PROD00072,7,347.2,5.0
ITEM000131,ORD00047,PROD00426,-6,628.49,0.0
ITEM000132,ORD00047,PROD00017,6,67.72,0.0
ITEM000133,ORD00048,PROD00325,2,331.6,40.0
ITEM000134,ORD00048,PROD00273,2,405.35,0.0
ITEM000135,ORD00048,PROD00333,2,605.91,0.0
ITEM000136,ORD00049,PROD00239,3,324.67,0.0
ITEM000137,ORD00049,PROD00332,8,327.07,20.0
ITEM000138,ORD00049,PROD00456,-5,328.17,5.0
ITEM000139,ORD00050,PROD00116,3,379.43,0.0
ITEM000143,ORD00052,PROD00277,2,325.19,0.0
ITEM000144,ORD00052,PROD00118,4,310.23,0.0
ITEM000145,ORD00053,PROD00120,4,284.5,0.0
ITEM000146,ORD00053,PROD00450,8,70.44,40.0
ITEM000147,ORD00053,PROD00228,4,313.34,0.0
ITEM000148,ORD00054,PROD00102,7,229.42,0.0
ITEM000149,ORD00054,PROD00497,2,524.04,0.0
ITEM000150,ORD00054,PROD00482,6,132.85,0.0
ITEM000151,ORD00054,PROD00098,2,204.47,0.0
ITEM000152,ORD00055,PROD00261,-8,242.47,0.0
ITEM000153,ORD00055,PROD00216,2,39.41,40.0
ITEM000154,ORD00055,PROD00223,5,267.75,30.0
ITEM000155,ORD00056,PROD00449,5,603.91,5.0
ITEM000156,ORD00056,PROD00073,3,650.13,0.0
ITEM000157,ORD00056,PROD00080,8,123.75,0.0
ITEM000158,ORD00056,PROD00411,5,31.73,0.0
ITEM000159,ORD00057,PROD00215,3,223.96,10.0
ITEM000160,ORD00057,PROD00187,2,600.23,0.0
ITEM000163,ORD00059,PROD00468,7,325.96,10.0
ITEM000164,ORD00059,PROD00081,6,246.14,0.0
ITEM000165,ORD00060,PROD00058,8,109.95,25.0
ITEM000170,ORD00062,PROD00381,7,46.35,10.0
ITEM000171,ORD00063,PROD00129,5,288.18,50.0
ITEM000172,ORD00063,PROD00390,6,565.63,25.0
ITEM000173,ORD00064,PROD00383,7,611.4,10.0
ITEM000174,ORD00065,PROD00074,4,287.87,0.0
ITEM000175,ORD00066,PROD00248,4,708.48,25.0
ITEM000176,ORD00066,PROD00208,4,633.77,0.0
ITEM000177,ORD00066,PROD00226,5,229.38,0.0
ITEM000178,ORD00066,PROD00173,3,472.37,20.0
ITEM000179,ORD00067,PROD00340,6,515.59,0.0
ITEM000180,ORD00067,PROD00401,1,580.38,0.0
ITEM000181,ORD00067,PROD00117,2,316.55,10.0
ITEM000182,ORD00067,PROD00448,8,379.48,40.0
ITEM000183,ORD00068,PROD00204,4,145.96,5.0
ITEM000184,ORD00068,PROD00102,6,270.24,25.0
ITEM000185,ORD00069,PROD00410,4,607.97,40.0
ITEM000186,ORD00070,PROD00082,3,324.34,10.0
ITEM000187,ORD00070,PROD00432,3,401.32,50.0
ITEM000188,ORD00070,PROD00440,1,469.95,50.0
ITEM000189,ORD00071,PROD00462,7,152.14,0.0
ITEM000190,ORD00071,PROD00070,-5,165.08,0.0
ITEM000191,ORD00071,PROD00285,4,236.02,5.0
ITEM000192,ORD00071,PROD00031,3,633.16,10.0
ITEM000193,ORD00072,PROD00403,7,121.9,0.0
ITEM000194,ORD00072,PROD00428,4,39.63,0.0
ITEM000195,ORD00072,PROD00458,3,61.46,0.0
ITEM000196,ORD00072,PROD00142,1,564.66,0.0
ITEM000197,ORD00073,PROD00396,8,42.85,0.0
ITEM000198,ORD00074,PROD00278,8,429.32,30.0
ITEM000199,ORD00075,PROD00449,1,566.46,5.0
ITEM000200,ORD00075,PROD00321,3,377.3,20.0
ITEM000201,ORD00075,PROD00389,2,364.66,25.0
ITEM000202,ORD00076,PROD00124,8,50.34,50.0
ITEM000203,ORD00076,PROD00030,5,368.41,15.0
ITEM000204,ORD00076,PROD00328,7,408.82,0.0
ITEM000205,ORD00077,PROD00043,8,431.25,0.0
ITEM000206,ORD00077,PROD00303,5,206.57,30.0
ITEM000207,ORD00077,PROD00250,7,584.47,30.0
ITEM000208,ORD00078,PROD00022,2,31.83,0.0
ITEM000209,ORD00078,PROD00392,7,28.34,5.0
ITEM000210,ORD00078,PROD00178,8,507.31,0.0
ITEM000211,ORD00078,PROD00268,7,364.49,20.0
ITEM000212,ORD00079,PROD00111,1,91.08,0.0
ITEM000213,ORD00080,PROD00472,1,54.22,15.0
ITEM000214,ORD00080,PROD00184,6,80.84,50.0
ITEM000215,ORD00080,PROD00229,6,99.02,50.0
ITEM000216,ORD00081,PROD00108,6,360.4,10.0
ITEM000217,ORD00081,PROD00433,2,481.22,30.0
ITEM000218,ORD00082,PROD00163,2,503.59,0.0
ITEM000219,ORD00082,PROD00208,8,609.01,10.0
ITEM000220,ORD00083,PROD00439,6,201.76,0.0
ITEM000221,ORD00083,PROD00186,3,697.82,0.0
ITEM000222,ORD00083,PROD00298,5,468.8,0.0
ITEM000223,ORD00084,PROD00317,4,431.02,30.0
ITEM000224,ORD00084,PROD00208,3,712.99,0.0
ITEM000225,ORD00084,PROD00204,7,117.38,50.0
ITEM000226,ORD00084,PROD00315,2,74.41,0.0
ITEM000227,ORD00085,PROD00126,-5,370.87,0.0
ITEM000228,ORD00086,PROD00126,8,407.39,0.0
ITEM000229,ORD00086,PROD00007,1,473.31,0.0
ITEM000230,ORD00087,PROD00213,4,358.13,25.0
ITEM000231,ORD00087,PROD00205,7,294.14,15.0
ITEM000232,ORD00087,PROD00412,7,306.32,40.0
ITEM000233,ORD00087,PROD00164,2,648.03,0.0
ITEM000234,ORD00088,PROD00408,3,308.97,50.0
ITEM000235,ORD00088,PROD00275,4,574.75,30.0
ITEM000236,ORD00089,PROD00239,1,306.92,0.0
ITEM000237,ORD00089,PROD00303,-3,206.57,0.0
ITEM000238,ORD00090,PROD00459,3,347.36,0.0
ITEM000239,ORD00091,PROD00292,1,72.66,0.0
ITEM000240,ORD00091,PROD00361,3,15.4,0.0
ITEM000241,ORD00091,PROD00232,5,569.56,0.0
ITEM000242,ORD00092,PROD00074,6,300.67,40.0
ITEM000243,ORD00092,PROD00365,2,198.53,0.0
ITEM000244,ORD00092,PROD00033,3,547.84,0.0
ITEM000245,ORD00092,PROD00308,3,577.58,0.0
ITEM000250,ORD00094,PROD00103,2,191.94,25.0
ITEM000251,ORD00094,PROD00132,1,130.95,0.0
ITEM000252,ORD00094,PROD00192,1,414.01,0.0
ITEM000253,ORD00094,PROD00003,-5,114.18,50.0
ITEM000254,ORD00095,PROD00490,8,280.78,0.0
ITEM000255,ORD00096,PROD00050,3,72.24,0.0
ITEM000256,ORD00096,PROD00457,3,632.64,20.0
ITEM000257,ORD00096,PROD00016,2,332.06,0.0
ITEM000261,ORD00098,PROD00127,4,223.49,0.0
ITEM000262,ORD00098,PROD00407,6,60.23,50.0
ITEM000263,ORD00098,PROD00416,2,508.52,0.0
ITEM000267,ORD00100,PROD00313,8,47.07,30.0
ITEM000268,ORD00100,PROD00358,1,222.45,0.0
ITEM000269,ORD00100,PROD00457,3,657.35,25.0
ITEM000270,ORD00100,PROD00015,5,162.4,0.0
ITEM000271,ORD00101,PROD00422,7,43.64,0.0
ITEM000272,ORD00102,PROD00261,1,265.86,0.0
ITEM000273,ORD00102,PROD00487,4,458.05,0.0
ITEM000274,ORD00103,PROD00254,1,20.45,0.0
ITEM000275,ORD00103,PROD00461,-5,577.01,0.0
ITEM000276,ORD00104,PROD00091,4,218.73,5.0
ITEM000277,ORD00104,PROD00080,4,123.75,0.0
ITEM000278,ORD00104,PROD00473,5,382.77,30.0
ITEM000279,ORD00105,PROD00210,7,524.51,0.0
ITEM000280,ORD00105,PROD00432,8,398.59,0.0
ITEM000281,ORD00105,PROD00355,8,337.02,5.0
ITEM000282,ORD00106,PROD00060,8,417.67,0.0
ITEM000283,ORD00107,PROD00484,7,14.11,0.0
ITEM000284,ORD00107,PROD00439,2,194.45,0.0
ITEM000285,ORD00108,PROD00487,8,442.39,0.0
ITEM000286,ORD00108,PROD00019,2,142.57,0.0
ITEM000287,ORD00109,PROD00095,2,441.76,20.0
ITEM000288,ORD00109,PROD00379,1,116.67,0.0
ITEM000289,ORD00109,PROD00499,4,311.19,0.0
ITEM000290,ORD00109,PROD00008,6,269.73,0.0
ITEM000291,ORD00110,PROD00180,1,535.12,0.0
ITEM000292,ORD00110,PROD00150,4,526.97,0.0
ITEM000293,ORD00111,PROD00013,2,179.76,15.0
ITEM000294,ORD00111,PROD00286,6,196.27,20.0
ITEM000295,ORD00111,PROD00266,3,396.41,0.0
ITEM000296,ORD00111,PROD00020,2,409.32,0.0
ITEM000297,ORD00112,PROD00289,7,439.33,0.0
ITEM000298,ORD00113,PROD00391,-2,356.31,20.0
ITEM000299,ORD00113,PROD00480,7,461.6,20.0
ITEM000300,ORD00114,PROD00350,5,228.55,50.0
ITEM000301,ORD00114,PROD00246,3,690.71,10.0
ITEM000304,ORD00116,PROD00074,7,238.83,0.0
ITEM000305,ORD00116,PROD00117,3,316.55,0.0
ITEM000306,ORD00116,PROD00483,7,298.87,0.0
ITEM000307,ORD00117,PROD00238,6,22.39,0.0
ITEM000308,ORD00117,PROD00272,4,507.88,0.0
ITEM000309,ORD00117,PROD00486,6,688.24,0.0
ITEM000310,ORD00117,PROD00392,6,33.54,0.0
ITEM000311,ORD00118,PROD00241,8,133.39,25.0
ITEM000312,ORD00118,PROD00212,4,174.75,30.0
ITEM000313,ORD00119,PROD00480,3,454.66,0.0
ITEM000314,ORD00119,PROD00106,3,389.01,25.0
ITEM000315,ORD00119,PROD00394,7,117.03,10.0
ITEM000316,ORD00119,PROD00211,4,505.49,0.0
ITEM000317,ORD00120,PROD00162,1,667.99,5.0
ITEM000318,ORD00120,PROD00011,1,201.95,0.0
ITEM000319,ORD00120,PROD00477,4,125.12,50.0
ITEM000320,ORD00120,PROD00431,6,382.27,20.0
ITEM000321,ORD00121,PROD00361,5,12.78,0.0
ITEM000322,ORD00121,PROD00462,3,168.4,0.0
ITEM000323,ORD00121,PROD00317,8,393.54,0.0
ITEM000324,ORD00122,PROD00500,3,401.4,0.0
ITEM000325,ORD00122,PROD00021,7,430.92,0.0
ITEM000326,ORD00123,PROD00301,6,108.9,0.0
ITEM000327,ORD00124,PROD00230,8,153.5,0.0
ITEM000328,ORD00124,PROD00454,2,59.97,0.0
ITEM000329,ORD00125,PROD00320,7,75.14,0.0
ITEM000330,ORD00125,PROD00479,4,89.03,0.0
ITEM000331,ORD00126,PROD00182,-8,377.1,20.0
ITEM000332,ORD00127,PROD00187,4,596.09,40.0
ITEM000333,ORD00127,PROD00251,3,379.45,0.0
ITEM000334,ORD00128,PROD00135,7,21.04,0.0
ITEM000335,ORD00128,PROD00389,2,406.5,0.0
ITEM000336,ORD00128,PROD00447,1,627.63,0.0
ITEM000337,ORD00129,PROD00103,7,235.48,15.0
ITEM000338,ORD00129,PROD00357,6,213.51,20.0
ITEM000339,ORD00129,PROD00209,3,638.24,25.0
ITEM000340,ORD00129,PROD00099,5,529.76,0.0
ITEM000341,ORD00130,PROD00413,6,563.81,5.0
ITEM000342,ORD00131,PROD00413,4,576.16,0.0
ITEM000343,ORD00131,PROD00079,4,11.33,5.0
ITEM000345,ORD00133,PROD00403,2,143.97,0.0
ITEM000346,ORD00133,PROD00471,2,253.69,5.0
ITEM000347,ORD00133,PROD00002,4,413.49,20.0
ITEM000348,ORD00134,PROD00321,8,383.15,20.0
ITEM000349,ORD00134,PROD00310,8,447.11,5.0
ITEM000350,ORD00134,PROD00227,1,562.18,50.0
ITEM000351,ORD00135,PROD00450,4,63.69,5.0
ITEM000352,ORD00135,PROD00097,6,241.64,0.0
ITEM000353,ORD00136,PROD00326,5,268.51,0.0
ITEM000354,ORD00136,PROD00147,5,263.43,25.0
ITEM000355,ORD00136,PROD00004,5,87.15,0.0
ITEM000356,ORD00136,PROD00032,6,481.91,0.0
ITEM000357,ORD00137,PROD00041,-8,539.64,5.0
ITEM000358,ORD00137,PROD00164,6,657.85,5.0
ITEM000359,ORD00137,PROD00292,6,72.66,20.0
ITEM000360,ORD00137,PROD00190,8,578.97,40.0
ITEM000361,ORD00138,PROD00301,6,92.32,15.0
ITEM000362,ORD00138,PROD00473,7,427.97,20.0
ITEM000363,ORD00139,PROD00073,7,632.07,0.0
ITEM000364,ORD00139,PROD00072,7,428.71,20.0
ITEM000365,ORD00140,PROD00008,3,231.46,40.0
ITEM000366,ORD00140,PROD00049,8,221.21,0.0
ITEM000367,ORD00140,PROD00012,3,367.72,50.0
ITEM000368,ORD00141,PROD00098,8,223.53,40.0
ITEM000369,ORD00141,PROD00250,1,659.74,0.0
ITEM000370,ORD00142,PROD00362,5,230.91,0.0
ITEM000371,ORD00142,PROD00254,7,24.61,40.0
ITEM000372,ORD00142,PROD00174,7,435.04,0.0
ITEM000373,ORD00143,PROD00175,3,37.07,40.0
ITEM000374,ORD00143,PROD00010,7,64.65,40.0
ITEM000375,ORD00143,PROD00466,6,266.9,50.0
ITEM000376,ORD00144,PROD00285,6,213.63,50.0
ITEM000377,ORD00144,PROD00401,4,626.81,10.0
ITEM000378,ORD00144,PROD00251,1,410.31,20.0
ITEM000379,ORD00145,PROD00320,8,75.76,50.0
ITEM000380,ORD00145,PROD00035,4,52.75,0.0
ITEM000381,ORD00146,PROD00187,1,596.09,0.0
ITEM000382,ORD00146,PROD00002,8,400.46,15.0
ITEM000383,ORD00147,PROD00161,4,517.96,25.0
ITEM000384,ORD00147,PROD00310,1,372.59,0.0
ITEM000385,ORD00147,PROD00410,4,603.33,0.0
ITEM000386,ORD00147,PROD00420,5,504.78,0.0
ITEM000390,ORD00150,PROD00301,1,90.75,25.0
ITEM000391,ORD00150,PROD00245,6,382.41,0.0
ITEM000392,ORD00151,PROD00322,6,340.32,0.0
ITEM000393,ORD00152,PROD00330,1,236.4,0.0
ITEM000394,ORD00153,PROD00255,2,499.3,0.0
ITEM000395,ORD00153,PROD00084,4,361.8,0.0
ITEM000396,ORD00154,PROD00174,6,364.14,0.0
ITEM000397,ORD00154,PROD00280,7,346.73,0.0
ITEM000398,ORD00154,PROD00080,2,140.82,0.0
ITEM000399,ORD00155,PROD00391,5,385.34,0.0
ITEM000400,ORD00156,PROD00027,4,543.18,0.0
ITEM000401,ORD00157,PROD00487,3,454.14,0.0
ITEM000402,ORD00157,PROD00388,-7,526.42,20.0
ITEM000403,ORD00158,PROD00343,7,418.15,0.0
ITEM000405,ORD00160,PROD00261,3,310.53,0.0
ITEM000406,ORD00160,PROD00004,5,94.2,0.0
ITEM000407,ORD00160,PROD00199,4,578.49,0.0
ITEM000408,ORD00161,PROD00168,7,345.82,0.0
ITEM000409,ORD00161,PROD00015,7,185.6,0.0
ITEM000414,ORD00163,PROD00256,7,671.99,0.0
ITEM000415,ORD00163,PROD00201,3,61.45,0.0
ITEM000416,ORD00164,PROD00408,4,348.76,0.0
ITEM000417,ORD00164,PROD00001,1,620.52,40.0
ITEM000418,ORD00164,PROD00156,3,478.26,0.0
ITEM000419,ORD00165,PROD00498,6,634.2,0.0
ITEM000420,ORD00165,PROD00012,1,345.09,0.0
ITEM000421,ORD00166,PROD00234,4,113.23,30.0
ITEM000422,ORD00166,PROD00406,8,442.12,0.0
ITEM000423,ORD00166,PROD00372,5,538.82,20.0
ITEM000424,ORD00167,PROD00375,4,581.5,5.0
ITEM000425,ORD00168,PROD00255,8,561.16,40.0
ITEM000426,ORD00169,PROD00492,5,165.87,10.0
ITEM000430,ORD00171,PROD00147,6,276.71,0.0
ITEM000431,ORD00172,PROD00192,6,493.91,0.0
ITEM000432,ORD00172,PROD00165,6,481.19,0.0
ITEM000433,ORD00173,PROD00240,5,635.93,20.0
ITEM000434,ORD00173,PROD00346,6,121.2,0.0
ITEM000435,ORD00173,PROD00130,6,340.11,20.0
ITEM000436,ORD00174,PROD00456,3,331.13,0.0
ITEM000437,ORD00174,PROD00426,3,671.66,30.0
ITEM000438,ORD00175,PROD00042,2,488.19,0.0
ITEM000439,ORD00175,PROD00267,1,360.43,0.0
ITEM000440,ORD00175,PROD00483,4,277.52,20.0
ITEM000441,ORD00175,PROD00060,6,442.87,0.0
ITEM000442,ORD00176,PROD00113,7,214.46,40.0
ITEM000443,ORD00176,PROD00328,3,427.69,10.0
ITEM000444,ORD00176,PROD00367,2,213.94,50.0
ITEM000445,ORD00176,PROD00124,5,48.61,0.0
ITEM000446,ORD00177,PROD00488,-1,513.84,0.0
ITEM000447,ORD00178,PROD00096,2,148.93,0.0
ITEM000448,ORD00178,PROD00061,6,213.94,0.0
ITEM000449,ORD00179,PROD00176,4,14.46,20.0
ITEM000450,ORD00179,PROD00326,1,253.49,50.0
ITEM000451,ORD00179,PROD00164,5,608.75,20.0
ITEM000452,ORD00180,PROD00217,6,459.79,5.0
ITEM000453,ORD00181,PROD00020,2,525.76,0.0
ITEM000454,ORD00181,PROD00043,2,466.21,10.0
ITEM000455,ORD00181,PROD00310,1,482.75,0.0
ITEM000456,ORD00181,PROD00361,4,15.72,0.0
ITEM000457,ORD00182,PROD00304,1,182.98,0.0
ITEM000458,ORD00182,PROD00258,5,570.63,0.0
ITEM000459,ORD00183,PROD00130,8,311.96,0.0
ITEM000460,ORD00184,PROD00021,6,457.15,5.0
ITEM000461,ORD00184,PROD00102,-4,250.8,30.0
ITEM000462,ORD00185,PROD00396,5,39.67,0.0
ITEM000463,ORD00185,PROD00350,8,233.83,0.0
ITEM000464,ORD00186,PROD00052,3,109.61,40.0
ITEM000465,ORD00187,PROD00255,-7,552.33,0.0
ITEM000466,ORD00187,PROD00356,2,597.89,0.0
ITEM000467,ORD00187,PROD00224,7,47.11,0.0
ITEM000468,ORD00187,PROD00450,6,71.41,0.0
ITEM000469,ORD00188,PROD00465,3,28.05,0.0
ITEM000470,ORD00188,PROD00293,4,20.29,50.0
ITEM000471,ORD00189,PROD00245,3,345.7,0.0
ITEM000472,ORD00189,PROD00021,3,445.9,20.0
ITEM000473,ORD00189,PROD00006,1,586.33,25.0
ITEM000475,ORD00191,PROD00411,8,32.0,0.0
ITEM000476,ORD00191,PROD00089,2,277.84,0.0
ITEM000477,ORD00191,PROD00262,2,171.62,40.0
ITEM000478,ORD00191,PROD00290,7,24.17,0.0
ITEM000479,ORD00192,PROD00424,1,339.1,0.0
ITEM000480,ORD00192,PROD00165,1,488.11,15.0
ITEM000481,ORD00193,PROD00231,4,354.14,0.0
ITEM000482,ORD00193,PROD00315,7,82.81,10.0
ITEM000483,ORD00193,PROD00124,5,46.52,0.0
ITEM000484,ORD00193,PROD00308,2,454.69,10.0
ITEM000485,ORD00194,PROD00190,5,538.89,15.0
ITEM000486,ORD00195,PROD00429,6,348.08,20.0
ITEM000487,ORD00195,PROD00262,3,192.33,0.0
ITEM000488,ORD00195,PROD00251,2,459.67,0.0
ITEM000489,ORD00196,PROD00448,4,373.36,40.0
ITEM000490,ORD00196,PROD00290,5,24.38,0.0
ITEM000491,ORD00196,PROD00347,5,543.94,10.0
ITEM000492,ORD00197,PROD00411,5,37.91,30.0
ITEM000493,ORD00197,PROD00278,4,404.79,0.0
ITEM000494,ORD00198,PROD00061,5,234.16,0.0
ITEM000495,ORD00198,PROD00405,6,514.85,20.0
ITEM000496,ORD00199,PROD00126,5,354.01,0.0
ITEM000497,ORD00199,PROD00175,2,30.94,50.0
ITEM000498,ORD00199,PROD00002,5,367.91,0.0
ITEM000499,ORD00200,PROD00262,4,196.77,50.0
ITEM000500,ORD00200,PROD00305,7,310.75,0.0
ITEM000501,ORD00200,PROD00093,1,296.38,0.0
ITEM000502,ORD00201,PROD00281,3,369.96,50.0
ITEM000503,ORD00202,PROD00021,-1,547.08,0.0
ITEM000504,ORD00202,PROD00320,5,85.61,0.0
ITEM000505,ORD00203,PROD00476,4,190.48,0.0
ITEM000506,ORD00203,PROD00163,3,493.02,10.0
ITEM000507,ORD00203,PROD00278,3,413.99,15.0
ITEM000508,ORD00204,PROD00064,7,360.95,0.0
ITEM000509,ORD00204,PROD00085,4,295.02,0.0
ITEM000510,ORD00204,PROD00344,7,43.19,0.0
ITEM000511,ORD00204,PROD00434,8,235.93,20.0
ITEM000512,ORD00205,PROD00012,5,373.38,20.0
ITEM000513,ORD00205,PROD00405,6,552.99,0.0
ITEM000514,ORD00205,PROD00316,8,500.54,0.0
ITEM000515,ORD00205,PROD00361,7,12.34,0.0
ITEM000516,ORD00206,PROD00161,5,479.31,0.0
ITEM000517,ORD00206,PROD00119,8,68.05,25.0
ITEM000518,ORD00207,PROD00331,8,603.06,0.0
ITEM000519,ORD00207,PROD00293,-7,21.5,0.0
ITEM000520,ORD00208,PROD00466,7,233.77,0.0
ITEM000521,ORD00208,PROD00188,5,161.9,0.0
ITEM000522,ORD00208,PROD00438,4,306.8,50.0
ITEM000523,ORD00208,PROD00025,2,88.98,0.0
ITEM000524,ORD00209,PROD00129,5,278.33,0.0
ITEM000525,ORD00210,PROD00143,3,119.02,0.0
ITEM000526,ORD00210,PROD00267,2,357.27,0.0
ITEM000527,ORD00210,PROD00401,3,654.66,0.0
ITEM000528,ORD00210,PROD00217,-4,486.44,40.0
ITEM000529,ORD00211,PROD00396,3,36.18,25.0
ITEM000530,ORD00212,PROD00371,3,534.39,0.0
ITEM000531,ORD00212,PROD00438,5,269.9,0.0
ITEM000532,ORD00212,PROD00259,7,562.52,0.0
ITEM000533,ORD00213,PROD00434,6,240.11,0.0
ITEM000534,ORD00213,PROD00126,2,359.63,0.0
ITEM000535,ORD00214,PROD00035,-3,61.4,0.0
ITEM000540,ORD00216,PROD00432,7,333.07,0.0
ITEM000541,ORD00216,PROD00013,4,152.48,0.0
ITEM000542,ORD00216,PROD00397,3,231.85,0.0
ITEM000543,ORD00217,PROD00333,7,573.59,0.0
ITEM000544,ORD00217,PROD00117,5,310.18,0.0
ITEM000545,ORD00218,PROD00191,8,73.21,40.0
ITEM000546,ORD00218,PROD00486,2,550.59,0.0
ITEM000547,ORD00218,PROD00239,7,370.33,0.0
ITEM000548,ORD00218,PROD00421,8,224.23,50.0
ITEM000549,ORD00219,PROD00181,5,121.5,0.0
ITEM000550,ORD00220,PROD00075,5,657.33,0.0
ITEM000551,ORD00221,PROD00013,6,158.68,0.0
ITEM000552,ORD00221,PROD00319,6,428.78,0.0
ITEM000553,ORD00221,PROD00064,8,459.1,0.0
ITEM000554,ORD00222,PROD00496,7,323.86,30.0
ITEM000555,ORD00223,PROD00074,4,247.36,0.0
ITEM000556,ORD00223,PROD00202,1,240.7,40.0
ITEM000557,ORD00223,PROD00215,7,254.59,20.0
ITEM000558,ORD00224,PROD00470,2,36.79,0.0
ITEM000559,ORD00224,PROD00373,2,319.78,40.0
ITEM000560,ORD00224,PROD00474,2,567.56,0.0
ITEM000561,ORD00225,PROD00316,6,552.18,50.0
ITEM000562,ORD00225,PROD00296,6,82.29,0.0
ITEM000563,ORD00225,PROD00080,5,146.15,10.0
ITEM000564,ORD00226,PROD00418,8,349.95,50.0
ITEM000565,ORD00226,PROD00256,7,676.53,0.0
ITEM000566,ORD00227,PROD00055,4,423.14,0.0
ITEM000567,ORD00227,PROD00490,3,287.98,25.0
ITEM000568,ORD00227,PROD00186,7,633.02,0.0
ITEM000569,ORD00228,PROD00125,8,264.11,15.0
ITEM000570,ORD00229,PROD00224,7,44.97,0.0
ITEM000571,ORD00230,PROD00171,2,461.42,0.0
ITEM000572,ORD00231,PROD00476,4,213.56,15.0
ITEM000573,ORD00231,PROD00125,3,305.09,0.0
ITEM000574,ORD00231,PROD00304,2,157.74,0.0
ITEM000575,ORD00231,PROD00378,7,51.71,0.0
ITEM000576,ORD00232,PROD00027,3,439.34,0.0
ITEM000577,ORD00232,PROD00432,6,341.26,0.0
ITEM000578,ORD00233,PROD00458,2,59.51,0.0
ITEM000579,ORD00233,PROD00021,4,505.86,20.0
ITEM000580,ORD00234,PROD00137,2,70.08,0.0
ITEM000581,ORD00235,PROD00237,5,382.82,25.0
ITEM000582,ORD00236,PROD00255,5,592.09,30.0
ITEM000583,ORD00237,PROD00356,8,617.02,0.0
ITEM000584,ORD00237,PROD00151,7,153.01,50.0
ITEM000585,ORD00238,PROD00108,3,327.64,0.0
ITEM000586,ORD00238,PROD00031,2,606.03,40.0
ITEM000587,ORD00238,PROD00077,5,533.9,25.0
ITEM000588,ORD00239,PROD00368,7,175.45,30.0
ITEM000589,ORD00239,PROD00283,5,229.82,0.0
ITEM000590,ORD00240,PROD00336,3,9.63,0.0
ITEM000591,ORD00240,PROD00026,5,420.91,20.0
ITEM000592,ORD00240,PROD00338,6,527.34,30.0
ITEM000593,ORD00240,PROD00495,6,200.64,30.0
ITEM000594,ORD00241,PROD00004,3,92.92,0.0
ITEM000595,ORD00241,PROD00250,6,642.03,10.0
ITEM000596,ORD00242,PROD00491,4,114.37,0.0
ITEM000597,ORD00242,PROD00395,6,263.81,15.0
ITEM000598,ORD00242,PROD00173,8,422.44,40.0
ITEM000599,ORD00242,PROD00109,5,288.5,25.0
ITEM000600,ORD00243,PROD00223,1,255.08,25.0
ITEM000601,ORD00243,PROD00149,8,529.29,0.0
ITEM000602,ORD00244,PROD00302,2,380.71,20.0
ITEM000603,ORD00244,PROD00469,4,112.14,10.0
ITEM000604,ORD00244,PROD00231,1,319.78,25.0
ITEM000605,ORD00244,PROD00131,1,216.73,0.0
ITEM000606,ORD00245,PROD00123,7,541.75,0.0
ITEM000607,ORD00245,PROD00412,-7,261.02,30.0
ITEM000608,ORD00245,PROD00407,5,67.4,20.0
ITEM000609,ORD00245,PROD00298,5,457.27,20.0
ITEM000610,ORD00246,PROD00091,-4,193.78,0.0
ITEM000611,ORD00246,PROD00169,-8,205.85,0.0
ITEM000612,ORD00246,PROD00384,3,403.24,20.0
ITEM000613,ORD00247,PROD00464,3,187.21,15.0
ITEM000614,ORD00247,PROD00159,2,212.5,0.0
ITEM000615,ORD00248,PROD00437,4,359.71,15.0
ITEM000616,ORD00249,PROD00059,6,203.04,25.0
ITEM000617,ORD00249,PROD00239,8,329.75,0.0
ITEM000618,ORD00250,PROD00183,6,412.37,25.0
ITEM000619,ORD00251,PROD00372,2,502.6,0.0
ITEM000620,ORD00251,PROD00176,4,13.32,50.0
ITEM000621,ORD00251,PROD00016,7,305.0,0.0
ITEM000622,ORD00252,PROD00109,8,290.99,5.0
ITEM000623,ORD00252,PROD00500,4,523.56,50.0
ITEM000624,ORD00252,PROD00286,7,238.57,0.0
ITEM000625,ORD00252,PROD00461,8,468.29,0.0
ITEM000626,ORD00253,PROD00341,6,348.79,15.0
ITEM000627,ORD00254,PROD00044,2,351.07,0.0
ITEM000628,ORD00254,PROD00060,8,482.48,50.0
ITEM000629,ORD00254,PROD00062,1,147.56,10.0
ITEM000630,ORD00254,PROD00160,7,634.79,5.0
ITEM000631,ORD00255,PROD00341,3,353.53,10.0
ITEM000632,ORD00255,PROD00144,7,526.67,50.0
ITEM000633,ORD00255,PROD00039,5,452.74,0.0
ITEM000634,ORD00256,PROD00168,2,277.13,40.0
ITEM000635,ORD00256,PROD00186,5,573.21,0.0
ITEM000636,ORD00256,PROD00064,4,370.45,0.0
ITEM000637,ORD00257,PROD00142,2,492.06,0.0
ITEM000638,ORD00258,PROD00465,5,25.19,0.0
ITEM000639,ORD00258,PROD00477,7,95.98,0.0
ITEM000640,ORD00258,PROD00380,2,381.53,40.0
ITEM000641,ORD00259,PROD00457,8,637.58,0.0
ITEM000642,ORD00260,PROD00136,4,408.13,0.0
ITEM000643,ORD00261,PROD00323,8,151.66,10.0
ITEM000644,ORD00262,PROD00209,5,508.74,10.0
ITEM000645,ORD00262,PROD00253,1,124.07,20.0
ITEM000646,ORD00263,PROD00423,6,243.61,50.0
ITEM000647,ORD00263,PROD00467,5,420.09,5.0
ITEM000648,ORD00264,PROD00131,-8,233.93,0.0
ITEM000649,ORD00264,PROD00303,5,191.93,0.0
ITEM000650,ORD00264,PROD00417,2,595.31,0.0
ITEM000651,ORD00264,PROD00365,4,158.83,30.0
ITEM000652,ORD00265,PROD00069,5,131.15,0.0
ITEM000653,ORD00265,PROD00334,2,369.94,0.0
ITEM000654,ORD00265,PROD00055,8,366.92,5.0
ITEM000655,ORD00265,PROD00445,7,279.8,0.0
ITEM000659,ORD00267,PROD00384,5,371.33,0.0
ITEM000660,ORD00268,PROD00073,3,546.29,0.0
ITEM000661,ORD00268,PROD00403,2,148.18,0.0
ITEM000662,ORD00268,PROD00330,4,232.49,0.0
ITEM000663,ORD00269,PROD00494,3,456.7,0.0
ITEM000664,ORD00269,PROD00069,4,97.7,0.0
ITEM000665,ORD00269,PROD00486,3,626.54,25.0
ITEM000666,ORD00269,PROD00131,5,237.37,0.0
ITEM000667,ORD00270,PROD00383,2,527.65,10.0
ITEM000668,ORD00270,PROD00461,4,505.93,25.0
ITEM000669,ORD00270,PROD00439,3,197.37,40.0
ITEM000670,ORD00271,PROD00491,7,104.92,0.0
ITEM000671,ORD00271,PROD00100,5,332.01,0.0
ITEM000672,ORD00272,PROD00301,7,93.11,50.0
ITEM000673,ORD00272,PROD00050,4,62.27,0.0
ITEM000674,ORD00272,PROD00440,8,489.86,0.0
ITEM000675,ORD00273,PROD00117,1,269.81,0.0
ITEM000676,ORD00273,PROD00459,7,322.15,0.0
ITEM000677,ORD00273,PROD00212,2,204.4,50.0
ITEM000678,ORD00273,PROD00368,4,156.41,0.0
ITEM000679,ORD00274,PROD00006,7,689.52,0.0
ITEM000680,ORD00274,PROD00302,4,411.73,40.0
ITEM000681,ORD00274,PROD00048,4,709.11,25.0
ITEM000682,ORD00275,PROD00337,1,193.59,0.0
ITEM000683,ORD00275,PROD00111,6,97.24,0.0
ITEM000684,ORD00276,PROD00474,1,550.99,0.0
ITEM000685,ORD00276,PROD00183,-3,406.56,0.0
ITEM000686,ORD00277,PROD00342,3,484.15,0.0
ITEM000687,ORD00278,PROD00376,4,28.63,0.0
ITEM000688,ORD00279,PROD00339,3,57.13,30.0
ITEM000689,ORD00280,PROD00188,5,149.7,0.0
ITEM000690,ORD00280,PROD00353,3,271.11,0.0
ITEM000691,ORD00281,PROD00018,7,11.31,10.0
ITEM000692,ORD00281,PROD00038,2,188.27,10.0
ITEM000693,ORD00281,PROD00137,6,72.7,0.0
ITEM000694,ORD00282,PROD00489,3,623.26,15.0
ITEM000695,ORD00282,PROD00162,4,598.2,5.0
ITEM000696,ORD00283,PROD00208,8,604.06,5.0
ITEM000697,ORD00283,PROD00408,1,323.02,5.0
ITEM000698,ORD00284,PROD00203,3,354.87,0.0
ITEM000699,ORD00284,PROD00449,3,557.1,0.0
ITEM000700,ORD00284,PROD00440,2,533.67,0.0
ITEM000701,ORD00284,PROD00174,2,422.15,0.0
ITEM000702,ORD00285,PROD00424,7,330.62,10.0
ITEM000703,ORD00285,PROD00412,2,306.32,5.0
ITEM000704,ORD00286,PROD00370,2,102.9,0.0
ITEM000705,ORD00286,PROD00085,-6,276.84,5.0
ITEM000706,ORD00286,PROD00397,1,233.56,5.0
ITEM000707,ORD00286,PROD00166,2,28.72,0.0
ITEM000708,ORD00287,PROD00225,6,666.01,25.0
ITEM000709,ORD00288,PROD00369,6,121.02,25.0
ITEM000710,ORD00289,PROD00386,3,79.02,25.0
ITEM000711,ORD00289,PROD00343,8,400.1,0.0
ITEM000712,ORD00289,PROD00394,3,114.01,0.0
ITEM000713,ORD00290,PROD00161,1,483.18,0.0
ITEM000714,ORD00291,PROD00307,5,499.72,0.0
ITEM000715,ORD00292,PROD00046,5,527.68,0.0
ITEM000716,ORD00292,PROD00289,7,451.1,0.0
ITEM000717,ORD00292,PROD00117,6,318.67,0.0
ITEM000720,ORD00294,PROD00317,1,387.29,25.0
ITEM000721,ORD00294,PROD00095,1,449.58,0.0
ITEM000722,ORD00294,PROD00063,5,182.15,0.0
ITEM000723,ORD00294,PROD00285,1,253.25,30.0
ITEM000724,ORD00295,PROD00281,8,417.97,0.0
ITEM000725,ORD00295,PROD00100,4,354.71,0.0
ITEM000726,ORD00296,PROD00125,2,264.11,0.0
ITEM000727,ORD00296,PROD00348,3,502.33,30.0
ITEM000728,ORD00296,PROD00375,5,514.08,0.0
ITEM000729,ORD00297,PROD00388,6,542.02,20.0
ITEM000730,ORD00297,PROD00110,5,522.6,20.0
ITEM000731,ORD00297,PROD00150,7,599.93,50.0
ITEM000732,ORD00297,PROD00149,1,581.42,30.0
ITEM000733,ORD00298,PROD00175,3,35.2,40.0
ITEM000734,ORD00298,PROD00343,7,339.94,15.0
ITEM000735,ORD00298,PROD00263,1,8.98,15.0
ITEM000736,ORD00299,PROD00285,3,237.75,0.0
ITEM000737,ORD00299,PROD00372,8,674.66,30.0
ITEM000738,ORD00300,PROD00020,1,430.49,0.0
ITEM000739,ORD00300,PROD00105,4,200.48,10.0
ITEM000740,ORD00300,PROD00425,6,80.19,0.0
ITEM000741,ORD00301,PROD00414,2,551.26,20.0
ITEM000742,ORD00301,PROD00270,2,212.59,10.0
ITEM000743,ORD00302,PROD00304,4,143.86,0.0
ITEM000744,ORD00302,PROD00330,4,240.31,0.0
ITEM000745,ORD00303,PROD00371,2,516.12,25.0
ITEM000746,ORD00304,PROD00389,7,442.37,50.0
ITEM000747,ORD00304,PROD00399,-1,161.53,0.0
ITEM000748,ORD00304,PROD00421,1,190.0,0.0
ITEM000749,ORD00304,PROD00213,3,309.29,0.0
ITEM000750,ORD00305,PROD00126,6,387.72,15.0
ITEM000751,ORD00306,PROD00422,2,45.47,40.0
ITEM000752,ORD00306,PROD00452,4,485.19,15.0
ITEM000753,ORD00306,PROD00069,2,127.63,0.0
ITEM000754,ORD00307,PROD00446,5,96.95,0.0
ITEM000755,ORD00308,PROD00204,6,133.71,0.0
ITEM000756,ORD00308,PROD00388,4,584.91,10.0
ITEM000757,ORD00309,PROD00038,5,194.76,0.0
ITEM000758,ORD00309,PROD00048,1,599.24,15.0
ITEM000759,ORD00310,PROD00267,1,414.18,15.0
ITEM000760,ORD00310,PROD00122,7,553.09,40.0
ITEM000761,ORD00311,PROD00060,7,504.08,0.0
ITEM000762,ORD00312,PROD00484,1,11.89,0.0
ITEM000763,ORD00313,PROD00204,2,148.0,20.0
ITEM000764,ORD00313,PROD00079,2,11.67,5.0
ITEM000765,ORD00313,PROD00488,4,420.42,0.0
ITEM000766,ORD00313,PROD00027,3,571.14,0.0
ITEM000767,ORD00314,PROD00218,3,623.61,50.0
ITEM000768,ORD00314,PROD00149,1,561.37,0.0
ITEM000769,ORD00314,PROD00284,8,221.14,0.0
ITEM000770,ORD00314,PROD00122,3,548.83,0.0
ITEM000771,ORD00315,PROD00315,1,77.77,0.0
ITEM000772,ORD00315,PROD00354,1,204.17,40.0
ITEM000773,ORD00315,PROD00412,3,263.18,20.0
ITEM000774,ORD00316,PROD00299,7,456.15,25.0
ITEM000775,ORD00316,PROD00483,7,320.22,25.0
ITEM000776,ORD00316,PROD00329,8,146.8,0.0
ITEM000777,ORD00317,PROD00275,7,658.86,0.0
ITEM000778,ORD00317,PROD00076,2,457.55,15.0
ITEM000779,ORD00318,PROD00489,4,569.7,10.0
ITEM000780,ORD00318,PROD00151,7,158.64,0.0
ITEM000781,ORD00319,PROD00209,1,624.36,0.0
ITEM000782,ORD00320,PROD00328,7,361.65,0.0
ITEM000783,ORD00320,PROD00227,4,562.18,40.0
ITEM000784,ORD00320,PROD00267,6,423.67,15.0
ITEM000785,ORD00320,PROD00333,3,484.73,0.0
ITEM000786,ORD00321,PROD00429,5,379.97,20.0
ITEM000787,ORD00322,PROD00073,7,659.16,0.0
ITEM000788,ORD00323,PROD00208,6,663.47,0.0
ITEM000789,ORD00323,PROD00339,7,54.0,0.0
ITEM000790,ORD00324,PROD00473,1,430.99,5.0
ITEM000791,ORD00325,PROD00393,6,57.31,40.0
ITEM000792,ORD00325,PROD00129,5,354.69,0.0
ITEM000793,ORD00326,PROD00436,1,584.54,10.0
ITEM000794,ORD00326,PROD00245,-1,428.3,20.0
ITEM000795,ORD00326,PROD00308,7,516.13,0.0
ITEM000796,ORD00327,PROD00258,2,575.51,15.0
ITEM000797,ORD00327,PROD00422,1,45.47,0.0
ITEM000798,ORD00327,PROD00271,5,310.78,5.0
ITEM000799,ORD00327,PROD00440,1,557.56,30.0
ITEM000800,ORD00328,PROD00447,8,560.24,5.0
ITEM000801,ORD00328,PROD00374,5,508.85,20.0
ITEM000802,ORD00329,PROD00307,3,539.88,40.0
ITEM000803,ORD00329,PROD00372,7,570.52,0.0
ITEM000804,ORD00329,PROD00177,2,462.74,0.0
ITEM000805,ORD00329,PROD00321,7,418.25,40.0
ITEM000806,ORD00330,PROD00012,5,356.4,0.0
ITEM000807,ORD00330,PROD00104,2,126.89,50.0
ITEM000808,ORD00330,PROD00184,3,78.58,50.0
ITEM000809,ORD00331,PROD00240,2,563.38,0.0
ITEM000810,ORD00332,PROD00348,-3,469.39,0.0
ITEM000811,ORD00332,PROD00385,6,140.4,0.0
ITEM000812,ORD00333,PROD00193,4,398.3,25.0
ITEM000813,ORD00333,PROD00152,1,608.77,0.0
ITEM000814,ORD00333,PROD00297,3,536.99,0.0
ITEM000815,ORD00334,PROD00499,7,377.12,40.0
ITEM000816,ORD00335,PROD00105,2,186.84,0.0
ITEM000817,ORD00335,PROD00475,8,213.96,0.0
ITEM000818,ORD00335,PROD00263,3,7.9,30.0
ITEM000819,ORD00335,PROD00048,3,724.09,0.0
ITEM000820,ORD00336,PROD00088,6,10.13,0.0
ITEM000821,ORD00336,PROD00375,8,577.29,0.0
ITEM000822,ORD00336,PROD00424,4,336.27,10.0
ITEM000823,ORD00336,PROD00279,6,322.11,0.0
ITEM000824,ORD00337,PROD00492,8,164.7,0.0
ITEM000825,ORD00337,PROD00369,7,140.85,50.0
ITEM000826,ORD00337,PROD00245,7,422.18,0.0
ITEM000827,ORD00337,PROD00461,3,526.83,0.0
ITEM000828,ORD00338,PROD00193,2,457.18,0.0
ITEM000829,ORD00339,PROD00323,3,132.43,0.0
ITEM000830,ORD00339,PROD00448,1,416.2,0.0
ITEM000831,ORD00340,PROD00480,5,395.66,0.0
ITEM000832,ORD00340,PROD00038,3,212.61,0.0
ITEM000833,ORD00340,PROD00168,8,315.02,50.0
ITEM000834,ORD00340,PROD00121,5,12.47,10.0
ITEM000835,ORD00341,PROD00457,6,726.55,40.0
ITEM000836,ORD00341,PROD00340,7,651.27,0.0
ITEM000837,ORD00342,PROD00260,3,118.14,30.0
ITEM000838,ORD00342,PROD00313,2,48.57,0.0
ITEM000839,ORD00342,PROD00232,8,630.25,5.0
ITEM000840,ORD00343,PROD00047,3,368.37,0.0
ITEM000841,ORD00343,PROD00230,4,132.48,40.0
ITEM000842,ORD00343,PROD00014,8,284.86,25.0
ITEM000843,ORD00343,PROD00033,8,581.3,0.0
ITEM000844,ORD00344,PROD00278,7,355.73,10.0
ITEM000845,ORD00344,PROD00429,6,379.97,0.0
ITEM000846,ORD00344,PROD00384,6,324.91,0.0
ITEM000847,ORD00344,PROD00330,4,228.58,5.0
ITEM000848,ORD00345,PROD00387,7,418.41,0.0
ITEM000849,ORD00345,PROD00234,1,102.45,0.0
ITEM000850,ORD00345,PROD00461,6,551.92,0.0
ITEM000851,ORD00346,PROD00479,8,82.14,0.0
ITEM000852,ORD00346,PROD00181,5,141.26,0.0
ITEM000853,ORD00347,PROD00350,5,230.31,10.0
ITEM000854,ORD00347,PROD00444,2,663.79,0.0
ITEM000855,ORD00348,PROD00351,6,277.26,30.0
ITEM000856,ORD00349,PROD00092,6,15.14,40.0
ITEM000857,ORD00349,PROD00207,4,25.13,0.0
ITEM000858,ORD00349,PROD00272,6,576.75,25.0
ITEM000859,ORD00349,PROD00055,7,390.59,0.0
ITEM000860,ORD00350,PROD00266,7,366.15,0.0
ITEM000861,ORD00350,PROD00009,8,352.02,0.0
ITEM000862,ORD00350,PROD00134,4,558.93,30.0
ITEM000863,ORD00350,PROD00458,2,63.41,0.0
ITEM000864,ORD00351,PROD00307,1,575.57,15.0
ITEM000865,ORD00351,PROD00298,1,457.27,0.0
ITEM000866,ORD00351,PROD00202,6,246.77,0.0
ITEM000867,ORD00351,PROD00424,2,347.57,0.0
ITEM000868,ORD00352,PROD00419,2,440.59,0.0
ITEM000869,ORD00352,PROD00436,1,553.07,0.0
ITEM000870,ORD00353,PROD00357,2,247.67,5.0
ITEM000871,ORD00353,PROD00019,3,155.83,5.0
ITEM000872,ORD00354,PROD00288,3,322.16,0.0
ITEM000873,ORD00354,PROD00185,6,380.05,15.0
ITEM000874,ORD00354,PROD00286,7,240.26,50.0
ITEM000875,ORD00354,PROD00406,8,557.63,10.0
ITEM000876,ORD00355,PROD00362,6,221.96,15.0
ITEM000877,ORD00355,PROD00278,7,413.99,15.0
ITEM000878,ORD00355,PROD00404,5,200.02,0.0
ITEM000879,ORD00355,PROD00491,2,127.6,20.0
ITEM000880,ORD00356,PROD00014,1,222.85,0.0
ITEM000881,ORD00356,PROD00411,4,32.81,5.0
ITEM000882,ORD00356,PROD00491,2,112.48,5.0
ITEM000883,ORD00357,PROD00003,8,114.18,0.0
ITEM000884,ORD00357,PROD00325,3,372.68,0.0
ITEM000885,ORD00358,PROD00436,7,589.04,30.0
ITEM000886,ORD00358,PROD00252,4,271.99,20.0
ITEM000887,ORD00358,PROD00369,7,154.41,0.0
ITEM000888,ORD00359,PROD00434,3,273.51,0.0
ITEM000889,ORD00359,PROD00487,4,579.42,0.0
ITEM000890,ORD00359,PROD00279,2,333.87,0.0
ITEM000891,ORD00360,PROD00065,3,242.73,30.0
ITEM000892,ORD00361,PROD00320,7,70.21,25.0
ITEM000893,ORD00361,PROD00126,8,356.82,20.0
ITEM000894,ORD00361,PROD00177,3,462.74,0.0
ITEM000895,ORD00362,PROD00341,3,303.71,0.0
ITEM000896,ORD00363,PROD00134,6,657.57,0.0
ITEM000897,ORD00363,PROD00070,1,148.45,25.0
ITEM000898,ORD00363,PROD00419,8,489.16,10.0
ITEM000899,ORD00364,PROD00201,3,51.36,50.0
ITEM000900,ORD00365,PROD00033,4,535.3,30.0
ITEM000901,ORD00365,PROD00112,3,571.93,50.0
ITEM000902,ORD00366,PROD00089,4,255.79,5.0
ITEM000903,ORD00366,PROD00376,6,31.08,0.0
ITEM000904,ORD00367,PROD00121,3,12.96,0.0
ITEM000905,ORD00367,PROD00335,4,284.71,25.0
ITEM000906,ORD00367,PROD00105,5,167.75,0.0
ITEM000907,ORD00368,PROD00378,8,65.81,15.0
ITEM000908,ORD00368,PROD00127,6,264.61,0.0
ITEM000909,ORD00368,PROD00416,8,522.65,10.0
ITEM000910,ORD00368,PROD00458,-8,62.44,0.0
ITEM000911,ORD00369,PROD00036,6,339.17,50.0
ITEM000912,ORD00369,PROD00389,8,391.56,0.0
ITEM000913,ORD00369,PROD00363,6,559.34,40.0
ITEM000914,ORD00369,PROD00067,2,276.49,0.0
ITEM000915,ORD00370,PROD00281,1,333.24,0.0
ITEM000916,ORD00371,PROD00311,8,108.12,0.0
ITEM000917,ORD00371,PROD00292,4,77.5,15.0
ITEM000918,ORD00371,PROD00342,3,524.16,0.0
ITEM000919,ORD00371,PROD00474,1,463.99,0.0
ITEM000920,ORD00372,PROD00121,2,14.44,25.0
ITEM000921,ORD00372,PROD00165,2,394.65,10.0
ITEM000922,ORD00372,PROD00447,-2,585.51,0.0
ITEM000923,ORD00373,PROD00399,6,179.88,0.0
ITEM000924,ORD00373,PROD00102,4,250.8,5.0
ITEM000925,ORD00374,PROD00241,8,132.22,40.0
ITEM000926,ORD00374,PROD00204,3,114.32,0.0
ITEM000927,ORD00374,PROD00081,8,248.3,10.0
ITEM000928,ORD00374,PROD00028,2,510.66,0.0
ITEM000929,ORD00375,PROD00067,1,350.37,20.0
ITEM000930,ORD00376,PROD00371,8,566.36,0.0
ITEM000931,ORD00376,PROD00319,4,488.04,0.0
ITEM000932,ORD00377,PROD00195,1,270.58,0.0
ITEM000933,ORD00377,PROD00449,5,641.37,0.0
ITEM000934,ORD00377,PROD00392,3,33.3,0.0
ITEM000935,ORD00377,PROD00405,7,503.41,0.0
ITEM000936,ORD00378,PROD00441,6,169.7,0.0
ITEM000937,ORD00378,PROD00147,1,276.71,0.0
ITEM000938,ORD00378,PROD00359,6,146.15,5.0
ITEM000939,ORD00379,PROD00413,6,604.96,20.0
ITEM000940,ORD00380,PROD00398,8,527.6,0.0
ITEM000941,ORD00381,PROD00479,6,77.75,0.0
ITEM000942,ORD00381,PROD00391,4,387.98,0.0
ITEM000943,ORD00381,PROD00039,-3,508.46,40.0
ITEM000944,ORD00381,PROD00217,3,383.16,0.0
ITEM000945,ORD00382,PROD00031,1,529.14,5.0
ITEM000946,ORD00382,PROD00221,1,454.24,0.0
ITEM000947,ORD00382,PROD00441,2,186.67,0.0
ITEM000950,ORD00384,PROD00490,8,311.97,15.0
ITEM000951,ORD00384,PROD00319,8,393.92,15.0
ITEM000952,ORD00384,PROD00191,3,61.09,0.0
ITEM000953,ORD00384,PROD00431,5,385.65,0.0
ITEM000954,ORD00385,PROD00285,2,192.95,0.0
ITEM000955,ORD00386,PROD00107,7,376.88,0.0
ITEM000956,ORD00387,PROD00142,2,568.7,0.0
ITEM000957,ORD00387,PROD00022,2,31.35,20.0
ITEM000958,ORD00387,PROD00055,1,343.24,0.0
ITEM000959,ORD00387,PROD00176,8,15.84,0.0
ITEM000960,ORD00388,PROD00232,1,532.21,0.0
ITEM000961,ORD00388,PROD00041,5,586.91,0.0
ITEM000962,ORD00388,PROD00142,4,524.33,0.0
ITEM000963,ORD00388,PROD00361,1,12.89,0.0
ITEM000964,ORD00389,PROD00229,7,89.19,0.0
ITEM000965,ORD00389,PROD00105,1,156.84,40.0
ITEM000966,ORD00389,PROD00311,8,95.94,20.0
ITEM000971,ORD00391,PROD00064,-1,465.43,25.0
ITEM000972,ORD00391,PROD00121,2,12.96,0.0
ITEM000973,ORD00391,PROD00359,5,146.15,0.0
ITEM000974,ORD00391,PROD00342,2,600.18,0.0
ITEM000975,ORD00392,PROD00313,1,50.06,0.0
ITEM000976,ORD00392,PROD00426,8,642.88,0.0
ITEM000977,ORD00392,PROD00311,8,99.74,10.0
ITEM000978,ORD00393,PROD00303,2,208.19,0.0
ITEM000979,ORD00393,PROD00285,2,241.19,0.0
ITEM000980,ORD00393,PROD00051,8,492.71,0.0
ITEM000981,ORD00393,PROD00246,4,624.93,0.0
ITEM000982,ORD00394,PROD00224,5,41.76,50.0
ITEM000983,ORD00394,PROD00414,5,527.49,0.0
ITEM000984,ORD00394,PROD00490,1,326.37,0.0
ITEM000985,ORD00395,PROD00420,3,511.79,0.0
ITEM000986,ORD00395,PROD00431,1,392.42,15.0
ITEM000987,ORD00395,PROD00049,2,286.98,25.0
ITEM000988,ORD00395,PROD00293,8,22.72,5.0
ITEM000989,ORD00396,PROD00493,5,291.12,0.0
ITEM000990,ORD00396,PROD00418,2,450.84,50.0
ITEM000991,ORD00396,PROD00156,3,489.47,0.0
ITEM000992,ORD00396,PROD00451,4,441.54,0.0
ITEM000993,ORD00397,PROD00225,3,694.35,0.0
ITEM000994,ORD00397,PROD00277,8,293.72,10.0
ITEM000995,ORD00397,PROD00432,2,322.15,0.0
ITEM000996,ORD00398,PROD00479,8,72.73,0.0
ITEM000997,ORD00399,PROD00308,3,561.19,25.0
ITEM000998,ORD00399,PROD00483,8,355.8,0.0
ITEM000999,ORD00400,PROD00302,2,349.69,25.0
ITEM001000,ORD00401,PROD00058,1,91.5,0.0
ITEM001001,ORD00401,PROD00128,5,317.69,25.0
ITEM001002,ORD00401,PROD00286,7,201.35,20.0
ITEM001003,ORD00401,PROD00298,7,545.65,25.0
ITEM001004,ORD00402,PROD00360,7,217.7,0.0
ITEM001005,ORD00402,PROD00136,-7,517.2,0.0
ITEM001006,ORD00402,PROD00160,-8,562.1,0.0
ITEM001007,ORD00402,PROD00053,3,228.25,0.0
ITEM001008,ORD00403,PROD00423,5,251.05,0.0
ITEM001009,ORD00403,PROD00258,4,726.7,0.0
ITEM001010,ORD00404,PROD00315,7,62.66,0.0
ITEM001011,ORD00404,PROD00246,8,545.05,0.0
ITEM001012,ORD00405,PROD00320,2,88.07,0.0
ITEM001013,ORD00406,PROD00301,4,115.21,25.0
ITEM001014,ORD00407,PROD00421,7,248.2,0.0
ITEM001015,ORD00407,PROD00369,1,131.46,40.0
ITEM001016,ORD00408,PROD00165,2,456.96,30.0
ITEM001017,ORD00408,PROD00012,6,412.98,0.0
ITEM001018,ORD00408,PROD00155,5,207.34,0.0
ITEM001022,ORD00410,PROD00305,1,359.82,40.0
ITEM001023,ORD00410,PROD00444,3,565.12,0.0
ITEM001024,ORD00410,PROD00139,2,594.04,25.0
ITEM001025,ORD00411,PROD00471,7,228.32,0.0
ITEM001026,ORD00411,PROD00316,4,544.23,0.0
ITEM001027,ORD00412,PROD00160,7,712.32,5.0
ITEM001028,ORD00412,PROD00168,5,293.71,5.0
ITEM001029,ORD00412,PROD00057,3,282.9,5.0
ITEM001030,ORD00412,PROD00433,8,507.13,0.0
ITEM001031,ORD00413,PROD00456,6,408.0,0.0
ITEM001032,ORD00413,PROD00217,1,456.46,0.0
ITEM001033,ORD00413,PROD00386,7,91.33,0.0
ITEM001034,ORD00413,PROD00211,3,612.35,0.0
ITEM001035,ORD00414,PROD00191,7,67.66,0.0
ITEM001036,ORD00414,PROD00305,5,370.72,0.0
ITEM001037,ORD00414,PROD00498,3,664.16,50.0
ITEM001038,ORD00415,PROD00403,7,153.43,0.0
ITEM001039,ORD00415,PROD00168,5,336.34,15.0
ITEM001040,ORD00415,PROD00162,6,633.1,0.0
ITEM001041,ORD00416,PROD00293,5,22.2,40.0
ITEM001043,ORD00418,PROD00402,3,266.32,0.0
ITEM001044,ORD00418,PROD00149,7,449.1,15.0
ITEM001045,ORD00418,PROD00118,1,335.32,10.0
ITEM001046,ORD00418,PROD00439,3,171.05,0.0
ITEM001051,ORD00420,PROD00031,1,497.49,0.0
ITEM001052,ORD00420,PROD00203,8,313.55,0.0
ITEM001053,ORD00420,PROD00448,6,345.81,5.0
ITEM001054,ORD00420,PROD00477,8,121.69,15.0
ITEM001055,ORD00421,PROD00327,2,695.02,0.0
ITEM001056,ORD00421,PROD00085,5,226.32,20.0
ITEM001057,ORD00422,PROD00117,7,269.81,0.0
ITEM001058,ORD00422,PROD00237,3,377.11,0.0
ITEM001059,ORD00422,PROD00264,3,294.64,0.0
ITEM001060,ORD00423,PROD00258,5,599.9,15.0
ITEM001061,ORD00423,PROD00025,7,70.55,15.0
ITEM001062,ORD00424,PROD00174,4,451.15,0.0
ITEM001063,ORD00424,PROD00072,3,446.83,50.0
ITEM001064,ORD00424,PROD00395,8,314.18,5.0
ITEM001065,ORD00424,PROD00231,7,338.28,0.0
ITEM001066,ORD00425,PROD00331,3,594.32,0.0
ITEM001067,ORD00425,PROD00445,7,320.09,20.0
ITEM001068,ORD00425,PROD00182,1,391.17,0.0
ITEM001069,ORD00426,PROD00493,1,314.72,10.0
ITEM001070,ORD00426,PROD00017,4,57.2,0.0
ITEM001071,ORD00426,PROD00425,4,71.0,0.0
ITEM001072,ORD00426,PROD00157,2,113.71,20.0
ITEM001073,ORD00427,PROD00243,2,620.85,0.0
ITEM001074,ORD00427,PROD00089,5,266.82,50.0
ITEM001075,ORD00427,PROD00135,4,20.88,30.0
ITEM001076,ORD00427,PROD00034,4,368.69,5.0
ITEM001077,ORD00428,PROD00329,6,150.08,0.0
ITEM001078,ORD00429,PROD00275,5,598.12,25.0
ITEM001079,ORD00429,PROD00291,3,251.28,25.0
ITEM001080,ORD00430,PROD00157,6,155.06,20.0
ITEM001082,ORD00432,PROD00442,7,659.08,0.0
ITEM001083,ORD00433,PROD00464,4,173.94,0.0
ITEM001084,ORD00433,PROD00121,2,11.78,0.0
ITEM001085,ORD00434,PROD00016,3,309.92,0.0
ITEM001086,ORD00434,PROD00089,1,288.87,0.0
ITEM001087,ORD00434,PROD00109,2,290.99,0.0
ITEM001088,ORD00434,PROD00095,-1,465.22,20.0
ITEM001089,ORD00435,PROD00223,1,226.14,0.0
ITEM001090,ORD00435,PROD00324,8,457.45,0.0
ITEM001091,ORD00435,PROD00281,5,319.12,0.0
ITEM001092,ORD00435,PROD00048,4,609.23,0.0
ITEM001093,ORD00436,PROD00333,2,484.73,20.0
ITEM001094,ORD00436,PROD00142,3,512.23,0.0
ITEM001095,ORD00436,PROD00444,6,668.28,5.0
ITEM001097,ORD00438,PROD00190,5,636.86,50.0
ITEM001098,ORD00439,PROD00428,1,36.11,0.0
ITEM001099,ORD00439,PROD00222,7,368.8,0.0
ITEM001100,ORD00439,PROD00007,7,566.42,0.0
ITEM001101,ORD00439,PROD00045,4,507.98,0.0
ITEM001102,ORD00440,PROD00278,7,377.19,50.0
ITEM001103,ORD00440,PROD00396,1,42.85,0.0
ITEM001104,ORD00440,PROD00288,7,402.7,0.0
ITEM001105,ORD00440,PROD00284,7,233.21,5.0
ITEM001106,ORD00441,PROD00277,2,333.06,50.0
ITEM001107,ORD00441,PROD00401,6,626.81,20.0
ITEM001108,ORD00442,PROD00186,2,638.0,5.0
ITEM001109,ORD00442,PROD00355,-3,358.42,0.0
ITEM001110,ORD00443,PROD00452,6,495.97,40.0
ITEM001111,ORD00443,PROD00195,2,244.18,0.0
ITEM001112,ORD00443,PROD00484,6,15.02,50.0
ITEM001113,ORD00443,PROD00185,6,406.49,0.0
ITEM001114,ORD00444,PROD00234,2,93.98,0.0
ITEM001115,ORD00444,PROD00152,3,623.74,0.0
ITEM001116,ORD00444,PROD00345,3,468.43,25.0
ITEM001117,ORD00444,PROD00207,7,25.13,0.0
ITEM001118,ORD00445,PROD00172,2,47.26,15.0
ITEM001119,ORD00445,PROD00370,5,105.95,0.0
ITEM001120,ORD00445,PROD00284,5,249.29,5.0
ITEM001121,ORD00445,PROD00164,-3,623.48,0.0
ITEM001122,ORD00446,PROD00433,8,536.75,5.0
ITEM001123,ORD00446,PROD00481,2,674.44,0.0
ITEM001124,ORD00447,PROD00210,1,459.9,0.0
ITEM001125,ORD00447,PROD00070,8,143.7,0.0
ITEM001126,ORD00447,PROD00471,6,239.2,15.0
ITEM001127,ORD00448,PROD00030,3,308.81,0.0
ITEM001128,ORD00449,PROD00124,7,39.58,50.0
ITEM001129,ORD00449,PROD00004,1,82.66,40.0
ITEM001130,ORD00449,PROD00047,6,341.63,20.0
ITEM001131,ORD00449,PROD00454,2,68.67,0.0
ITEM001132,ORD00450,PROD00381,8,50.82,0.0
ITEM001133,ORD00451,PROD00023,2,312.19,0.0
ITEM001134,ORD00451,PROD00349,8,368.55,30.0
ITEM001135,ORD00452,PROD00450,5,62.73,0.0
ITEM001136,ORD00453,PROD00117,3,301.68,0.0
ITEM001137,ORD00453,PROD00212,4,209.08,0.0
ITEM001138,ORD00453,PROD00068,5,405.24,20.0
ITEM001139,ORD00454,PROD00492,3,158.81,0.0
ITEM001143,ORD00456,PROD00225,4,566.82,50.0
ITEM001144,ORD00456,PROD00272,5,482.06,0.0
ITEM001145,ORD00456,PROD00382,4,393.37,0.0
ITEM001146,ORD00457,PROD00457,4,602.99,50.0
ITEM001147,ORD00457,PROD00410,5,552.28,0.0
ITEM001148,ORD00457,PROD00025,1,78.18,0.0
ITEM001149,ORD00458,PROD00361,6,12.23,0.0
ITEM001150,ORD00458,PROD00041,7,492.38,0.0
ITEM001151,ORD00458,PROD00374,1,582.12,0.0
ITEM001152,ORD00459,PROD00055,5,331.41,25.0
ITEM001153,ORD00459,PROD00053,2,266.6,50.0
ITEM001154,ORD00459,PROD00399,7,159.08,40.0
ITEM001155,ORD00460,PROD00169,8,214.93,0.0
ITEM001156,ORD00460,PROD00360,1,187.28,10.0
ITEM001157,ORD00461,PROD00419,5,509.97,0.0
ITEM001158,ORD00461,PROD00091,2,220.2,0.0
ITEM001159,ORD00461,PROD00462,6,142.85,0.0
ITEM001160,ORD00462,PROD00441,1,195.92,0.0
ITEM001161,ORD00462,PROD00110,3,664.71,0.0
ITEM001162,ORD00463,PROD00226,6,269.27,0.0
ITEM001163,ORD00463,PROD00490,2,343.17,10.0
ITEM001164,ORD00463,PROD00238,1,24.0,25.0
ITEM001165,ORD00464,PROD00330,4,216.86,5.0
ITEM001166,ORD00464,PROD00005,5,103.38,15.0
ITEM001167,ORD00464,PROD00396,4,44.12,0.0
ITEM001169,ORD00466,PROD00033,5,472.57,40.0
ITEM001170,ORD00466,PROD00335,3,280.16,0.0
ITEM001171,ORD00466,PROD00390,6,542.39,0.0
ITEM001172,ORD00467,PROD00186,1,628.03,40.0
ITEM001174,ORD00469,PROD00245,4,370.18,0.0
ITEM001175,ORD00469,PROD00356,4,655.28,0.0
ITEM001176,ORD00469,PROD00148,6,241.45,0.0
ITEM001177,ORD00469,PROD00202,7,262.95,15.0
ITEM001178,ORD00470,PROD00005,6,82.56,0.0
ITEM001179,ORD00470,PROD00109,6,370.58,10.0
ITEM001180,ORD00470,PROD00147,5,252.36,0.0
ITEM001183,ORD00472,PROD00330,7,285.24,0.0
ITEM001184,ORD00473,PROD00003,7,125.32,0.0
ITEM001185,ORD00473,PROD00078,2,300.56,0.0
ITEM001186,ORD00474,PROD00407,1,54.97,20.0
ITEM001187,ORD00474,PROD00172,8,50.89,0.0
ITEM001190,ORD00476,PROD00453,8,201.34,0.0
ITEM001191,ORD00477,PROD00131,8,220.17,10.0
ITEM001192,ORD00478,PROD00465,2,24.42,10.0
ITEM001193,ORD00479,PROD00093,3,304.11,30.0
ITEM001194,ORD00480,PROD00035,2,51.1,40.0
ITEM001195,ORD00480,PROD00352,2,577.02,25.0
ITEM001196,ORD00481,PROD00109,6,325.81,0.0
ITEM001197,ORD00481,PROD00302,8,408.91,0.0
ITEM001198,ORD00481,PROD00361,7,15.07,0.0
ITEM001199,ORD00481,PROD00026,6,530.88,0.0
ITEM001200,ORD00482,PROD00035,7,54.4,0.0
ITEM001201,ORD00482,PROD00466,3,244.81,0.0
ITEM001202,ORD00483,PROD00444,2,502.33,0.0
ITEM001203,ORD00483,PROD00370,-3,106.71,0.0
ITEM001204,ORD00483,PROD00110,3,618.87,10.0
ITEM001205,ORD00484,PROD00340,1,669.36,0.0
ITEM001206,ORD00484,PROD00250,4,659.74,40.0
ITEM001207,ORD00485,PROD00216,6,46.61,30.0
ITEM001208,ORD00486,PROD00345,1,379.36,5.0
ITEM001209,ORD00487,PROD00480,3,482.43,0.0
ITEM001210,ORD00487,PROD00368,6,174.09,0.0
ITEM001211,ORD00487,PROD00449,6,533.69,0.0
ITEM001212,ORD00488,PROD00258,6,556.0,0.0
ITEM001213,ORD00488,PROD00203,1,286.81,10.0
ITEM001214,ORD00489,PROD00234,7,98.6,0.0
ITEM001215,ORD00489,PROD00276,2,158.9,25.0
ITEM001216,ORD00489,PROD00046,2,540.45,0.0
ITEM001217,ORD00489,PROD00312,3,514.14,40.0
ITEM001218,ORD00490,PROD00484,5,14.21,50.0
ITEM001219,ORD00491,PROD00318,3,491.55,0.0
ITEM001220,ORD00492,PROD00481,-8,557.99,0.0
ITEM001221,ORD00492,PROD00208,6,653.57,0.0
ITEM001222,ORD00493,PROD00236,1,103.78,10.0
ITEM001223,ORD00493,PROD00044,7,406.02,0.0
ITEM001224,ORD00493,PROD00298,5,464.95,0.0
ITEM001225,ORD00493,PROD00495,4,184.65,10.0
ITEM001226,ORD00494,PROD00291,1,239.94,10.0
ITEM001227,ORD00494,PROD00233,3,559.98,0.0
ITEM001228,ORD00495,PROD00046,3,519.17,30.0
ITEM001229,ORD00496,PROD00471,6,259.13,0.0
ITEM001230,ORD00496,PROD00165,3,418.88,0.0
ITEM001231,ORD00497,PROD00274,2,439.71,40.0
ITEM001232,ORD00498,PROD00371,2,557.22,0.0
ITEM001233,ORD00498,PROD00195,4,266.18,10.0
ITEM001234,ORD00499,PROD00485,3,577.38,15.0
ITEM001235,ORD00499,PROD00273,4,415.83,0.0
ITEM001236,ORD00499,PROD00418,4,349.95,15.0
ITEM001237,ORD00500,PROD00208,5,549.59,0.0
ITEM001238,ORD00500,PROD00373,5,312.34,20.0
ITEM001239,ORD00500,PROD00301,5,108.9,50.0
ITEM001240,ORD00500,PROD00485,4,532.27,0.0
ITEM001241,ORD00501,PROD00202,7,252.84,0.0
ITEM001242,ORD00501,PROD00107,3,495.71,0.0
ITEM001243,ORD00501,PROD00190,1,494.35,50.0
ITEM001244,ORD00502,PROD00418,7,390.93,0.0
ITEM001245,ORD00503,PROD00295,5,67.04,0.0
ITEM001246,ORD00503,PROD00437,1,359.71,40.0
ITEM001247,ORD00503,PROD00123,2,537.45,0.0
ITEM001248,ORD00504,PROD00027,5,599.1,0.0
ITEM001249,ORD00504,PROD00127,3,253.88,15.0
ITEM001250,ORD00504,PROD00398,5,569.26,20.0
ITEM001251,ORD00505,PROD00113,8,219.3,40.0
ITEM001252,ORD00505,PROD00016,2,322.22,0.0
ITEM001253,ORD00505,PROD00183,3,426.89,0.0
ITEM001254,ORD00505,PROD00374,2,537.35,0.0
ITEM001255,ORD00506,PROD00081,5,254.77,0.0
ITEM001256,ORD00506,PROD00456,8,431.65,30.0
ITEM001257,ORD00506,PROD00348,2,535.27,10.0
ITEM001258,ORD00507,PROD00355,6,350.4,10.0
ITEM001259,ORD00508,PROD00237,7,365.68,0.0
ITEM001260,ORD00508,PROD00097,1,243.71,40.0
ITEM001261,ORD00508,PROD00474,6,584.13,25.0
ITEM001262,ORD00508,PROD00033,6,464.2,0.0
ITEM001263,ORD00509,PROD00019,3,122.68,30.0
ITEM001264,ORD00510,PROD00034,6,348.69,10.0
ITEM001265,ORD00510,PROD00062,5,138.81,0.0
ITEM001266,ORD00511,PROD00394,7,148.31,5.0
ITEM001267,ORD00512,PROD00085,4,295.02,0.0
ITEM001268,ORD00512,PROD00178,3,462.54,0.0
ITEM001269,ORD00512,PROD00465,3,26.52,20.0
ITEM001270,ORD00512,PROD00402,3,277.9,50.0
ITEM001271,ORD00513,PROD00466,3,219.04,20.0
ITEM001272,ORD00513,PROD00117,4,293.18,10.0
ITEM001273,ORD00514,PROD00148,8,247.39,10.0
ITEM001274,ORD00515,PROD00116,7,354.75,0.0
ITEM001275,ORD00515,PROD00498,7,554.3,0.0
ITEM001276,ORD00515,PROD00500,3,446.77,0.0
ITEM001277,ORD00516,PROD00392,3,30.71,0.0
ITEM001278,ORD00517,PROD00051,2,471.47,0.0
ITEM001279,ORD00518,PROD00458,3,72.68,50.0
ITEM001280,ORD00518,PROD00342,7,568.17,25.0
ITEM001284,ORD00520,PROD00079,3,10.56,30.0
ITEM001285,ORD00520,PROD00324,3,491.59,0.0
ITEM001286,ORD00520,PROD00030,6,338.61,20.0
ITEM001287,ORD00521,PROD00427,8,262.2,0.0
ITEM001288,ORD00521,PROD00438,1,313.72,20.0
ITEM001289,ORD00522,PROD00054,1,193.54,0.0
ITEM001290,ORD00522,PROD00439,5,192.98,15.0
ITEM001291,ORD00522,PROD00077,2,426.35,0.0
ITEM001292,ORD00523,PROD00339,5,49.99,0.0
ITEM001293,ORD00523,PROD00425,6,85.08,0.0
ITEM001294,ORD00523,PROD00142,1,572.73,0.0
ITEM001295,ORD00523,PROD00038,2,230.47,0.0
ITEM001296,ORD00524,PROD00037,6,136.83,0.0
ITEM001297,ORD00524,PROD00292,2,89.01,0.0
ITEM001298,ORD00524,PROD00109,8,333.27,0.0
ITEM001299,ORD00525,PROD00031,1,583.42,0.0
ITEM001300,ORD00525,PROD00087,3,500.52,0.0
ITEM001301,ORD00526,PROD00050,2,57.29,0.0
ITEM001302,ORD00526,PROD00104,7,131.84,20.0
ITEM001303,ORD00526,PROD00273,8,464.76,0.0
ITEM001304,ORD00526,PROD00268,2,423.6,0.0
ITEM001305,ORD00527,PROD00119,3,61.52,30.0
ITEM001306,ORD00527,PROD00392,6,26.22,50.0
ITEM001307,ORD00527,PROD00333,6,533.2,10.0
ITEM001308,ORD00527,PROD00482,5,137.96,30.0
ITEM001309,ORD00528,PROD00169,1,184.66,25.0
ITEM001310,ORD00528,PROD00327,4,602.02,0.0
ITEM001311,ORD00528,PROD00062,6,145.37,20.0
ITEM001312,ORD00528,PROD00414,5,594.03,0.0
ITEM001313,ORD00529,PROD00246,-1,516.86,0.0
ITEM001314,ORD00529,PROD00288,5,371.06,20.0
ITEM001315,ORD00529,PROD00255,8,556.74,40.0
ITEM001316,ORD00530,PROD00418,6,372.02,50.0
ITEM001317,ORD00530,PROD00440,1,489.86,0.0
ITEM001318,ORD00530,PROD00358,4,236.36,15.0
ITEM001319,ORD00530,PROD00290,3,26.24,0.0
ITEM001320,ORD00531,PROD00452,6,485.19,10.0
ITEM001321,ORD00532,PROD00106,6,348.56,10.0
ITEM001322,ORD00532,PROD00189,3,249.93,0.0
ITEM001323,ORD00532,PROD00346,5,108.35,0.0
ITEM001324,ORD00533,PROD00315,6,68.26,0.0
ITEM001325,ORD00533,PROD00145,7,438.72,50.0
ITEM001326,ORD00533,PROD00448,5,446.8,0.0
ITEM001327,ORD00534,PROD00403,5,118.75,0.0
ITEM001328,ORD00534,PROD00476,4,193.36,0.0
ITEM001329,ORD00534,PROD00362,5,264.92,0.0
ITEM001330,ORD00535,PROD00295,7,77.76,0.0
ITEM001331,ORD00535,PROD00347,3,617.33,0.0
ITEM001332,ORD00536,PROD00257,8,78.12,0.0
ITEM001333,ORD00536,PROD00295,5,73.47,0.0
ITEM001334,ORD00536,PROD00496,8,307.11,5.0
ITEM001335,ORD00537,PROD00390,6,433.91,15.0
ITEM001336,ORD00537,PROD00099,7,493.09,0.0
ITEM001337,ORD00537,PROD00300,3,163.23,0.0
ITEM001338,ORD00537,PROD00155,7,192.98,0.0
ITEM001339,ORD00538,PROD00076,4,517.07,10.0
ITEM001340,ORD00539,PROD00055,2,340.28,15.0
ITEM001341,ORD00539,PROD00440,6,501.81,0.0
ITEM001342,ORD00539,PROD00098,6,213.13,5.0
ITEM001343,ORD00540,PROD00498,4,709.11,0.0
ITEM001344,ORD00540,PROD00185,4,436.23,0.0
ITEM001345,ORD00540,PROD00199,2,593.45,0.0
ITEM001346,ORD00540,PROD00190,4,498.8,0.0
ITEM001347,ORD00541,PROD00081,3,317.39,0.0
ITEM001348,ORD00541,PROD00159,3,181.34,0.0
ITEM001349,ORD00541,PROD00056,4,504.04,20.0
ITEM001350,ORD00541,PROD00259,7,539.41,0.0
ITEM001351,ORD00542,PROD00017,6,60.4,25.0
ITEM001352,ORD00543,PROD00196,1,424.4,5.0
ITEM001353,ORD00543,PROD00332,8,336.91,0.0
ITEM001354,ORD00543,PROD00239,1,306.92,5.0
ITEM001355,ORD00544,PROD00117,6,278.31,0.0
ITEM001356,ORD00544,PROD00418,5,416.16,0.0
ITEM001361,ORD00546,PROD00344,8,51.68,20.0
ITEM001362,ORD00547,PROD00073,6,636.59,0.0
ITEM001363,ORD00547,PROD00461,3,585.37,0.0
ITEM001364,ORD00547,PROD00029,3,84.73,25.0
ITEM001365,ORD00547,PROD00395,8,287.8,0.0
ITEM001366,ORD00548,PROD00367,3,285.9,0.0
ITEM001367,ORD00548,PROD00235,1,175.33,10.0
ITEM001368,ORD00548,PROD00339,5,63.37,0.0
ITEM001369,ORD00549,PROD00417,7,634.71,0.0
ITEM001370,ORD00549,PROD00453,2,192.59,0.0
ITEM001371,ORD00549,PROD00326,6,259.12,0.0
ITEM001372,ORD00549,PROD00319,3,491.53,0.0
ITEM001373,ORD00550,PROD00328,8,415.11,30.0
ITEM001374,ORD00550,PROD00076,2,461.27,0.0
ITEM001375,ORD00550,PROD00021,6,532.09,15.0
ITEM001376,ORD00551,PROD00469,3,100.54,0.0
ITEM001377,ORD00551,PROD00322,2,316.2,0.0
ITEM001378,ORD00551,PROD00044,1,344.97,0.0
ITEM001379,ORD00552,PROD00121,7,13.55,5.0
ITEM001380,ORD00553,PROD00233,8,683.37,0.0
ITEM001381,ORD00554,PROD00307,2,517.57,15.0
ITEM001382,ORD00554,PROD00356,6,593.1,5.0
ITEM001383,ORD00555,PROD00053,3,213.64,50.0
ITEM001384,ORD00555,PROD00128,8,323.12,0.0
ITEM001385,ORD00555,PROD00439,3,178.36,0.0
ITEM001386,ORD00555,PROD00348,5,506.45,10.0
ITEM001387,ORD00556,PROD00379,4,139.81,0.0
ITEM001388,ORD00556,PROD00155,1,204.15,20.0
ITEM001389,ORD00557,PROD00007,1,469.43,0.0
ITEM001390,ORD00557,PROD00192,7,490.28,5.0
ITEM001391,ORD00557,PROD00314,6,126.27,20.0
ITEM001392,ORD00558,PROD00320,3,84.99,10.0
ITEM001393,ORD00558,PROD00082,6,421.07,0.0
ITEM001394,ORD00558,PROD00232,8,686.27,0.0
ITEM001395,ORD00559,PROD00291,7,219.16,0.0
ITEM001396,ORD00559,PROD00278,-3,346.53,0.0
ITEM001397,ORD00559,PROD00372,3,665.6,0.0
ITEM001398,ORD00560,PROD00474,7,600.71,0.0
ITEM001399,ORD00560,PROD00163,7,433.16,0.0
ITEM001400,ORD00560,PROD00343,3,418.15,0.0
ITEM001401,ORD00561,PROD00341,3,334.55,0.0
ITEM001402,ORD00561,PROD00172,1,49.8,0.0
ITEM001403,ORD00561,PROD00050,2,58.79,0.0
ITEM001404,ORD00562,PROD00023,4,340.31,0.0
ITEM001405,ORD00563,PROD00091,2,211.39,0.0
ITEM001406,ORD00564,PROD00191,2,70.69,0.0
ITEM001407,ORD00565,PROD00279,8,298.6,0.0
ITEM001408,ORD00565,PROD00005,2,79.09,0.0
ITEM001409,ORD00565,PROD00276,5,149.55,30.0
ITEM001410,ORD00565,PROD00001,7,482.63,50.0
ITEM001411,ORD00566,PROD00327,4,641.18,0.0
ITEM001412,ORD00566,PROD00398,7,643.31,0.0
ITEM001413,ORD00566,PROD00446,5,93.25,0.0
ITEM001414,ORD00566,PROD00223,4,251.46,0.0
ITEM001415,ORD00567,PROD00367,3,285.9,0.0
ITEM001416,ORD00567,PROD00009,2,320.49,0.0
ITEM001417,ORD00568,PROD00273,2,415.83,0.0
ITEM001418,ORD00568,PROD00262,2,217.49,20.0
ITEM001419,ORD00568,PROD00079,7,12.18,0.0
ITEM001420,ORD00569,PROD00295,2,74.01,0.0
ITEM001421,ORD00569,PROD00102,1,221.64,20.0
ITEM001422,ORD00569,PROD00210,3,421.89,0.0
ITEM001423,ORD00570,PROD00480,3,409.54,0.0
ITEM001424,ORD00570,PROD00203,-2,286.81,15.0
ITEM001425,ORD00570,PROD00415,4,584.39,25.0
ITEM001426,ORD00571,PROD00479,3,77.75,25.0
ITEM001427,ORD00572,PROD00338,1,499.03,0.0
ITEM001428,ORD00572,PROD00358,8,252.25,40.0
ITEM001429,ORD00573,PROD00433,4,488.62,0.0
ITEM001430,ORD00573,PROD00458,4,60.98,0.0
ITEM001431,ORD00574,PROD00259,2,473.91,50.0
ITEM001432,ORD00575,PROD00204,4,130.65,0.0
ITEM001433,ORD00575,PROD00398,2,527.6,10.0
ITEM001434,ORD00576,PROD00461,3,497.56,0.0
ITEM001435,ORD00576,PROD00261,4,295.64,0.0
ITEM001436,ORD00577,PROD00271,1,357.95,20.0
ITEM001437,ORD00578,PROD00049,7,271.03,25.0
ITEM001438,ORD00578,PROD00086,2,248.67,10.0
ITEM001439,ORD00578,PROD00395,3,271.01,0.0
ITEM001440,ORD00578,PROD00210,2,437.09,0.0
ITEM001441,ORD00579,PROD00278,6,423.19,0.0
ITEM001442,ORD00579,PROD00346,3,101.92,0.0
ITEM001443,ORD00580,PROD00274,3,395.42,0.0
ITEM001444,ORD00580,PROD00425,6,69.78,0.0
ITEM001445,ORD00580,PROD00260,3,106.25,0.0
ITEM001446,ORD00580,PROD00140,1,407.52,10.0
ITEM001447,ORD00581,PROD00228,8,261.48,20.0
ITEM001451,ORD00583,PROD00411,5,36.03,0.0
ITEM001452,ORD00583,PROD00148,6,284.99,25.0
ITEM001453,ORD00584,PROD00195,1,268.38,0.0
ITEM001454,ORD00585,PROD00340,7,615.09,0.0
ITEM001455,ORD00585,PROD00088,1,8.76,0.0
ITEM001456,ORD00586,PROD00021,5,472.13,40.0
ITEM001457,ORD00586,PROD00431,5,446.54,0.0
ITEM001458,ORD00586,PROD00267,-4,360.43,25.0
ITEM001459,ORD00586,PROD00285,1,203.29,0.0
ITEM001460,ORD00587,PROD00317,8,418.52,5.0
ITEM001461,ORD00587,PROD00284,-4,249.29,50.0
ITEM001462,ORD00588,PROD00469,1,85.85,30.0
ITEM001463,ORD00588,PROD00200,7,160.9,25.0
ITEM001464,ORD00588,PROD00183,1,394.94,50.0
ITEM001465,ORD00589,PROD00050,4,65.76,50.0
ITEM001466,ORD00589,PROD00222,1,316.83,0.0
ITEM001467,ORD00589,PROD00370,2,111.28,0.0
ITEM001468,ORD00590,PROD00016,4,282.87,5.0
ITEM001469,ORD00591,PROD00119,5,65.87,40.0
ITEM001470,ORD00592,PROD00202,6,260.93,0.0
ITEM001475,ORD00594,PROD00478,5,132.66,0.0
ITEM001476,ORD00594,PROD00256,7,553.94,0.0
ITEM001477,ORD00595,PROD00191,7,67.66,0.0
ITEM001478,ORD00595,PROD00422,4,43.64,0.0
ITEM001479,ORD00595,PROD00042,5,508.67,0.0
ITEM001480,ORD00596,PROD00086,-1,311.96,0.0
ITEM001481,ORD00597,PROD00338,2,414.09,0.0
ITEM001482,ORD00597,PROD00368,4,191.77,30.0
ITEM001483,ORD00598,PROD00254,5,20.1,0.0
ITEM001484,ORD00598,PROD00127,6,241.37,0.0
ITEM001485,ORD00598,PROD00167,5,289.69,10.0
ITEM001486,ORD00598,PROD00365,2,204.21,50.0
ITEM001487,ORD00599,PROD00189,8,272.11,0.0
ITEM001488,ORD00599,PROD00027,1,523.21,0.0
ITEM001489,ORD00599,PROD00133,5,389.98,0.0
ITEM001490,ORD00599,PROD00188,6,150.81,0.0
ITEM001491,ORD00600,PROD00058,8,105.52,0.0
ITEM001492,ORD00600,PROD00360,8,227.3,0.0
ITEM001493,ORD00600,PROD00462,1,155.63,0.0
ITEM001494,ORD00601,PROD00114,4,345.27,5.0
ITEM001495,ORD00602,PROD00123,3,614.84,0.0
ITEM001496,ORD00602,PROD00243,3,620.85,0.0
ITEM001497,ORD00603,PROD00407,8,55.93,0.0
ITEM001498,ORD00603,PROD00285,6,218.8,0.0
ITEM001499,ORD00603,PROD00063,5,160.79,10.0
ITEM001500,ORD00604,PROD00374,1,484.43,0.0
ITEM001501,ORD00604,PROD00055,8,366.92,0.0
ITEM001502,ORD00604,PROD00196,8,394.08,0.0
ITEM001503,ORD00605,PROD00304,2,179.19,0.0
ITEM001504,ORD00605,PROD00417,5,551.54,20.0
ITEM001505,ORD00606,PROD00498,1,729.08,0.0
ITEM001506,ORD00606,PROD00405,1,423.32,0.0
ITEM001507,ORD00606,PROD00284,4,249.29,0.0
ITEM001508,ORD00607,PROD00427,6,264.0,25.0
ITEM001509,ORD00607,PROD00305,5,343.46,0.0
ITEM001510,ORD00608,PROD00200,5,139.07,50.0
ITEM001511,ORD00608,PROD00299,3,401.54,20.0
ITEM001512,ORD00608,PROD00169,6,204.34,0.0
ITEM001513,ORD00609,PROD00432,3,365.83,0.0
ITEM001514,ORD00610,PROD00375,2,556.22,0.0
ITEM001515,ORD00610,PROD00277,8,309.45,0.0
ITEM001516,ORD00610,PROD00475,5,226.87,0.0
ITEM001517,ORD00610,PROD00169,5,214.93,0.0
ITEM001518,ORD00611,PROD00390,7,561.76,0.0
ITEM001519,ORD00611,PROD00094,1,254.47,0.0
ITEM001520,ORD00611,PROD00386,2,82.26,0.0
ITEM001521,ORD00611,PROD00313,8,55.67,0.0
ITEM001522,ORD00612,PROD00296,1,68.57,30.0
ITEM001523,ORD00612,PROD00294,3,623.97,0.0
ITEM001524,ORD00612,PROD00025,3,79.45,0.0
ITEM001525,ORD00613,PROD00300,6,167.49,15.0
ITEM001526,ORD00613,PROD00382,1,402.66,0.0
ITEM001527,ORD00613,PROD00384,6,319.11,5.0
ITEM001528,ORD00613,PROD00383,2,586.28,5.0
ITEM001529,ORD00614,PROD00128,3,401.86,50.0
ITEM001530,ORD00615,PROD00331,6,633.65,5.0
ITEM001531,ORD00615,PROD00294,6,517.66,25.0
ITEM001532,ORD00616,PROD00022,1,28.74,0.0
ITEM001533,ORD00617,PROD00106,6,392.12,25.0
ITEM001534,ORD00617,PROD00255,7,521.39,0.0
ITEM001535,ORD00617,PROD00112,7,536.92,0.0
ITEM001536,ORD00617,PROD00124,1,49.3,25.0
ITEM001537,ORD00618,PROD00500,7,506.11,15.0
ITEM001538,ORD00618,PROD00231,2,362.06,20.0
ITEM001539,ORD00618,PROD00123,3,571.85,5.0
ITEM001540,ORD00619,PROD00195,7,268.38,30.0
ITEM001541,ORD00620,PROD00430,4,537.63,0.0
ITEM001542,ORD00620,PROD00015,7,208.8,20.0
ITEM001543,ORD00621,PROD00176,5,16.88,0.0
ITEM001544,ORD00622,PROD00132,7,133.31,25.0
ITEM001545,ORD00622,PROD00357,6,218.64,0.0
ITEM001546,ORD00622,PROD00275,5,677.56,0.0
ITEM001547,ORD00623,PROD00494,4,416.83,0.0
ITEM001548,ORD00623,PROD00070,-4,154.39,0.0
ITEM001549,ORD00623,PROD00215,3,225.88,0.0
ITEM001550,ORD00624,PROD00135,5,22.19,0.0
ITEM001551,ORD00625,PROD00304,4,155.21,0.0
ITEM001552,ORD00625,PROD00295,7,76.15,0.0
ITEM001553,ORD00626,PROD00292,5,70.84,0.0
ITEM001554,ORD00627,PROD00447,6,518.11,15.0
ITEM001555,ORD00627,PROD00276,8,186.94,0.0
ITEM001556,ORD00627,PROD00233,-4,574.22,40.0
ITEM001557,ORD00628,PROD00388,5,487.43,5.0
ITEM001558,ORD00629,PROD00157,2,152.99,0.0
ITEM001559,ORD00629,PROD00241,6,149.77,0.0
ITEM001560,ORD00630,PROD00110,8,577.61,5.0
ITEM001561,ORD00630,PROD00120,1,269.02,0.0
ITEM001562,ORD00631,PROD00099,7,533.84,0.0
ITEM001563,ORD00631,PROD00066,6,183.09,0.0
ITEM001564,ORD00631,PROD00021,2,550.82,0.0
ITEM001565,ORD00632,PROD00458,1,55.12,0.0
ITEM001566,ORD00632,PROD00237,5,328.54,0.0
ITEM001567,ORD00633,PROD00363,5,528.69,0.0
ITEM001568,ORD00634,PROD00191,4,75.73,5.0
ITEM001569,ORD00634,PROD00319,5,449.69,10.0
ITEM001570,ORD00634,PROD00074,-8,298.54,25.0
ITEM001571,ORD00635,PROD00078,5,290.19,0.0
ITEM001572,ORD00635,PROD00105,6,159.56,0.0
ITEM001573,ORD00635,PROD00153,3,318.46,0.0
ITEM001574,ORD00635,PROD00456,4,408.0,0.0
ITEM001575,ORD00636,PROD00019,7,130.41,0.0
ITEM001576,ORD00637,PROD00111,1,76.7,0.0
ITEM001577,ORD00637,PROD00356,1,650.5,0.0
ITEM001578,ORD00637,PROD00018,6,9.58,0.0
ITEM001579,ORD00637,PROD00458,3,69.27,0.0
ITEM001580,ORD00638,PROD00491,-1,124.77,0.0
ITEM001581,ORD00638,PROD00310,1,398.51,0.0
ITEM001582,ORD00638,PROD00171,-1,461.42,0.0
ITEM001583,ORD00638,PROD00316,4,508.48,0.0
ITEM001584,ORD00639,PROD00088,2,8.84,25.0
ITEM001585,ORD00639,PROD00022,8,33.25,20.0
ITEM001586,ORD00639,PROD00073,1,528.23,0.0
ITEM001587,ORD00639,PROD00446,5,108.79,20.0
ITEM001588,ORD00640,PROD00292,2,70.84,0.0
ITEM001589,ORD00641,PROD00157,1,124.04,0.0
ITEM001590,ORD00641,PROD00116,5,431.87,40.0
ITEM001591,ORD00641,PROD00095,2,484.77,0.0
ITEM001592,ORD00642,PROD00093,5,306.69,0.0
ITEM001593,ORD00642,PROD00376,1,35.97,0.0
ITEM001594,ORD00642,PROD00422,8,39.07,0.0
ITEM001595,ORD00643,PROD00107,7,465.16,0.0
ITEM001596,ORD00644,PROD00116,8,453.47,25.0
ITEM001597,ORD00645,PROD00369,3,137.72,0.0
ITEM001598,ORD00645,PROD00355,6,331.68,0.0
ITEM001599,ORD00645,PROD00055,2,337.33,40.0
ITEM001602,ORD00647,PROD00065,7,244.78,50.0
ITEM001603,ORD00647,PROD00160,1,620.25,0.0
ITEM001604,ORD00647,PROD00421,2,232.79,0.0
ITEM001605,ORD00647,PROD00017,3,59.49,0.0
ITEM001606,ORD00648,PROD00207,4,22.58,40.0
ITEM001607,ORD00649,PROD00403,4,129.26,0.0
ITEM001608,ORD00649,PROD00224,1,43.18,0.0
ITEM001609,ORD00650,PROD00164,3,594.03,10.0
ITEM001610,ORD00650,PROD00034,4,428.72,0.0
ITEM001611,ORD00650,PROD00481,1,679.29,0.0
ITEM001612,ORD00650,PROD00450,-4,56.93,0.0
ITEM001613,ORD00651,PROD00128,7,385.57,0.0
ITEM001614,ORD00651,PROD00314,2,98.51,0.0
ITEM001615,ORD00651,PROD00409,2,139.8,30.0
ITEM001616,ORD00651,PROD00078,3,296.41,0.0
ITEM001617,ORD00652,PROD00380,8,487.13,20.0
ITEM001618,ORD00652,PROD00005,6,91.58,40.0
ITEM001619,ORD00652,PROD00483,7,341.57,0.0
ITEM001620,ORD00652,PROD00126,1,314.68,25.0
ITEM001621,ORD00653,PROD00351,7,240.83,0.0
ITEM001622,ORD00653,PROD00428,8,38.35,0.0
ITEM001623,ORD00653,PROD00452,2,406.12,0.0
ITEM001624,ORD00654,PROD00356,3,573.97,50.0
ITEM001625,ORD00654,PROD00077,4,572.31,30.0
ITEM001626,ORD00654,PROD00007,4,438.39,0.0
ITEM001627,ORD00655,PROD00211,6,456.18,0.0
ITEM001628,ORD00655,PROD00306,5,407.24,0.0
ITEM001629,ORD00655,PROD00076,2,517.07,0.0
ITEM001630,ORD00655,PROD00452,1,488.78,25.0
ITEM001631,ORD00656,PROD00353,3,311.9,0.0
ITEM001632,ORD00657,PROD00496,7,307.11,0.0
ITEM001633,ORD00657,PROD00257,8,89.19,0.0
ITEM001634,ORD00657,PROD00070,6,153.2,0.0
ITEM001635,ORD00658,PROD00082,4,421.07,0.0
ITEM001636,ORD00658,PROD00005,3,84.64,40.0
ITEM001637,ORD00658,PROD00283,2,228.17,5.0
ITEM001638,ORD00659,PROD00403,6,141.87,0.0
ITEM001639,ORD00659,PROD00341,7,344.04,0.0
ITEM001640,ORD00660,PROD00309,1,476.61,0.0
ITEM001641,ORD00660,PROD00028,4,501.78,0.0
ITEM001642,ORD00660,PROD00016,3,280.41,50.0
ITEM001643,ORD00660,PROD00036,-3,362.56,50.0
ITEM001644,ORD00661,PROD00255,7,614.19,0.0
ITEM001645,ORD00662,PROD00160,1,605.71,0.0
ITEM001646,ORD00662,PROD00091,8,214.33,0.0
ITEM001647,ORD00662,PROD00325,1,358.01,0.0
ITEM001648,ORD00663,PROD00004,4,80.1,0.0
ITEM001649,ORD00663,PROD00433,4,429.4,40.0
ITEM001650,ORD00664,PROD00210,3,497.9,30.0
ITEM001651,ORD00664,PROD00348,8,473.51,0.0
ITEM001652,ORD00664,PROD00232,7,695.61,20.0
ITEM001653,ORD00664,PROD00479,7,77.75,15.0
ITEM001654,ORD00665,PROD00490,8,352.77,0.0
ITEM001655,ORD00666,PROD00262,5,213.05,0.0
ITEM001656,ORD00666,PROD00240,3,610.32,15.0
ITEM001657,ORD00666,PROD00008,2,202.3,0.0
ITEM001658,ORD00666,PROD00290,5,26.65,0.0
ITEM001659,ORD00667,PROD00443,4,333.16,0.0
ITEM001660,ORD00667,PROD00215,7,277.56,40.0
ITEM001661,ORD00667,PROD00045,7,452.76,15.0
ITEM001662,ORD00668,PROD00183,-3,348.48,0.0
ITEM001663,ORD00668,PROD00354,5,179.02,0.0
ITEM001664,ORD00669,PROD00052,8,128.34,0.0
ITEM001665,ORD00670,PROD00272,-4,499.28,10.0
ITEM001666,ORD00671,PROD00116,5,379.43,10.0
ITEM001667,ORD00671,PROD00371,5,516.12,0.0
ITEM001668,ORD00671,PROD00012,7,424.29,15.0
ITEM001669,ORD00672,PROD00419,1,395.49,0.0
ITEM001670,ORD00673,PROD00160,5,571.79,10.0
ITEM001671,ORD00673,PROD00442,7,526.32,25.0
ITEM001672,ORD00673,PROD00218,4,486.51,0.0
ITEM001673,ORD00674,PROD00028,4,661.63,40.0
ITEM001674,ORD00674,PROD00054,1,181.36,5.0
ITEM001675,ORD00674,PROD00481,5,538.58,0.0
ITEM001676,ORD00674,PROD00060,8,432.07,0.0
ITEM001677,ORD00675,PROD00391,7,358.94,30.0
ITEM001678,ORD00675,PROD00388,3,491.32,40.0
ITEM001679,ORD00675,PROD00370,2,99.09,0.0
ITEM001680,ORD00675,PROD00326,6,242.22,40.0
ITEM001681,ORD00676,PROD00106,6,460.59,0.0
ITEM001682,ORD00677,PROD00012,3,364.89,20.0
ITEM001683,ORD00678,PROD00242,8,133.59,0.0
ITEM001684,ORD00679,PROD00240,7,486.55,0.0
ITEM001685,ORD00679,PROD00354,8,192.33,0.0
ITEM001686,ORD00680,PROD00347,7,578.48,0.0
ITEM001687,ORD00680,PROD00062,8,143.18,0.0
ITEM001692,ORD00682,PROD00084,2,364.25,0.0
ITEM001693,ORD00682,PROD00197,7,42.6,15.0
ITEM001694,ORD00683,PROD00342,7,516.15,15.0
ITEM001695,ORD00683,PROD00034,2,362.98,15.0
ITEM001696,ORD00683,PROD00357,3,239.13,0.0
ITEM001697,ORD00683,PROD00060,5,518.49,0.0
ITEM001698,ORD00684,PROD00246,4,690.71,0.0
ITEM001699,ORD00685,PROD00458,5,68.78,30.0
ITEM001700,ORD00685,PROD00058,4,99.62,0.0
ITEM001701,ORD00685,PROD00438,2,281.43,0.0
ITEM001702,ORD00686,PROD00379,2,127.74,0.0
ITEM001703,ORD00687,PROD00024,6,367.67,0.0
ITEM001704,ORD00687,PROD00369,7,130.41,0.0
ITEM001705,ORD00688,PROD00119,6,74.58,0.0
ITEM001706,ORD00688,PROD00048,1,549.31,15.0
ITEM001707,ORD00689,PROD00216,3,37.54,25.0
ITEM001708,ORD00689,PROD00404,2,182.75,0.0
ITEM001709,ORD00689,PROD00173,2,472.37,20.0
ITEM001710,ORD00689,PROD00465,2,24.8,0.0
ITEM001711,ORD00690,PROD00260,6,90.39,0.0
ITEM001712,ORD00690,PROD00481,8,659.89,5.0
ITEM001713,ORD00690,PROD00079,5,10.39,15.0
ITEM001714,ORD00690,PROD00396,8,38.41,0.0
ITEM001715,ORD00691,PROD00227,8,547.77,20.0
ITEM001716,ORD00692,PROD00186,5,623.05,0.0
ITEM001717,ORD00693,PROD00247,1,567.69,0.0
ITEM001718,ORD00693,PROD00158,1,181.48,15.0
ITEM001719,ORD00694,PROD00431,6,412.71,20.0
ITEM001720,ORD00695,PROD00083,6,278.7,30.0
ITEM001725,ORD00697,PROD00112,7,568.04,25.0
ITEM001726,ORD00697,PROD00027,1,503.24,0.0
ITEM001727,ORD00698,PROD00303,3,222.83,0.0
ITEM001728,ORD00698,PROD00190,-5,627.96,30.0
ITEM001729,ORD00698,PROD00269,3,340.98,0.0
ITEM001730,ORD00698,PROD00381,6,45.95,0.0
ITEM001731,ORD00699,PROD00398,4,509.09,20.0
ITEM001732,ORD00699,PROD00231,8,295.99,20.0
ITEM001733,ORD00699,PROD00364,5,187.0,25.0
ITEM001734,ORD00700,PROD00124,5,49.65,0.0
ITEM001735,ORD00701,PROD00441,3,194.38,0.0
ITEM001736,ORD00701,PROD00031,3,624.12,0.0
ITEM001737,ORD00702,PROD00055,8,414.26,20.0
ITEM001738,ORD00703,PROD00311,8,87.56,0.0
ITEM001739,ORD00703,PROD00400,6,50.51,0.0
ITEM001740,ORD00703,PROD00283,4,208.33,0.0
ITEM001741,ORD00703,PROD00054,1,193.54,10.0
ITEM001742,ORD00704,PROD00016,7,359.12,40.0
ITEM001743,ORD00704,PROD00049,5,298.94,0.0
ITEM001744,ORD00705,PROD00425,7,69.17,20.0
ITEM001745,ORD00705,PROD00238,1,25.97,5.0
ITEM001746,ORD00705,PROD00205,8,320.28,0.0
ITEM001747,ORD00705,PROD00176,1,15.73,0.0
ITEM001748,ORD00706,PROD00212,3,223.12,0.0
ITEM001749,ORD00706,PROD00296,2,74.18,0.0
ITEM001750,ORD00707,PROD00401,4,594.3,0.0
ITEM001751,ORD00707,PROD00114,1,433.05,15.0
ITEM001752,ORD00707,PROD00134,6,526.05,25.0
ITEM001753,ORD00708,PROD00056,4,626.64,0.0
ITEM001754,ORD00708,PROD00237,8,394.25,10.0
ITEM001755,ORD00708,PROD00459,7,372.57,15.0
ITEM001760,ORD00710,PROD00155,7,228.07,50.0
ITEM001761,ORD00710,PROD00434,3,302.75,0.0
ITEM001762,ORD00710,PROD00367,3,285.9,0.0
ITEM001763,ORD00710,PROD00396,6,35.87,40.0
ITEM001764,ORD00711,PROD00144,1,509.68,0.0
ITEM001765,ORD00712,PROD00179,4,610.8,0.0
ITEM001766,ORD00712,PROD00086,2,271.27,30.0
ITEM001767,ORD00713,PROD00177,1,600.31,10.0
ITEM001768,ORD00713,PROD00173,1,464.69,0.0
ITEM001769,ORD00713,PROD00259,5,550.96,0.0
ITEM001770,ORD00714,PROD00387,4,393.31,0.0
ITEM001771,ORD00714,PROD00127,3,225.28,0.0
ITEM001772,ORD00715,PROD00178,4,496.12,15.0
ITEM001773,ORD00716,PROD00047,1,344.6,0.0
ITEM001774,ORD00716,PROD00307,3,562.19,0.0
ITEM001775,ORD00716,PROD00125,7,339.24,0.0
ITEM001776,ORD00717,PROD00302,3,352.51,0.0
ITEM001777,ORD00717,PROD00094,5,245.31,0.0
ITEM001778,ORD00717,PROD00462,2,148.66,0.0
ITEM001787,ORD00720,PROD00298,5,522.59,25.0
ITEM001788,ORD00721,PROD00249,8,466.24,0.0
ITEM001789,ORD00721,PROD00310,6,482.75,0.0
ITEM001790,ORD00721,PROD00068,2,350.81,0.0
ITEM001791,ORD00721,PROD00420,6,420.65,0.0
ITEM001792,ORD00722,PROD00303,1,190.3,0.0
ITEM001793,ORD00723,PROD00022,7,30.16,0.0
ITEM001794,ORD00723,PROD00107,3,492.32,50.0
ITEM001795,ORD00723,PROD00182,1,320.82,0.0
ITEM001796,ORD00723,PROD00278,7,420.12,15.0
ITEM001797,ORD00724,PROD00377,4,259.51,0.0
ITEM001798,ORD00724,PROD00499,7,371.85,0.0
ITEM001799,ORD00724,PROD00208,1,703.08,0.0
ITEM001800,ORD00725,PROD00065,3,279.75,50.0
ITEM001801,ORD00725,PROD00378,7,58.76,0.0
ITEM001802,ORD00725,PROD00094,1,265.45,0.0
ITEM001803,ORD00725,PROD00181,7,137.3,15.0
ITEM001804,ORD00726,PROD00089,4,291.07,0.0
ITEM001805,ORD00726,PROD00093,2,350.5,0.0
ITEM001806,ORD00726,PROD00084,5,293.35,0.0
ITEM001807,ORD00726,PROD00090,1,410.67,20.0
ITEM001808,ORD00727,PROD00426,1,662.07,0.0
ITEM001809,ORD00727,PROD00135,6,24.17,0.0
ITEM001810,ORD00728,PROD00221,2,422.05,0.0
ITEM001811,ORD00728,PROD00021,4,415.93,0.0
ITEM001812,ORD00728,PROD00390,4,437.78,25.0
ITEM001813,ORD00729,PROD00069,8,102.1,40.0
ITEM001814,ORD00729,PROD00196,1,436.52,0.0
ITEM001815,ORD00730,PROD00237,1,368.54,0.0
ITEM001816,ORD00730,PROD00057,7,361.62,0.0
ITEM001817,ORD00731,PROD00446,5,85.11,0.0
ITEM001818,ORD00731,PROD00481,1,601.66,0.0
ITEM001819,ORD00731,PROD00089,7,260.2,30.0
ITEM001820,ORD00731,PROD00076,2,535.67,10.0
ITEM001821,ORD00732,PROD00059,5,158.4,0.0
ITEM001822,ORD00732,PROD00223,4,220.71,0.0
ITEM001823,ORD00732,PROD00142,5,588.86,20.0
ITEM001824,ORD00732,PROD00092,7,13.29,0.0
ITEM001825,ORD00733,PROD00458,1,71.71,15.0
ITEM001826,ORD00733,PROD00310,1,395.27,5.0
ITEM001827,ORD00733,PROD00243,6,587.42,0.0
ITEM001828,ORD00733,PROD00011,8,275.38,0.0
ITEM001829,ORD00734,PROD00154,1,71.08,0.0
ITEM001830,ORD00734,PROD00113,5,206.4,0.0
ITEM001831,ORD00735,PROD00087,6,468.99,0.0
ITEM001832,ORD00735,PROD00101,7,302.98,0.0
ITEM001833,ORD00735,PROD00390,3,581.13,0.0
ITEM001834,ORD00735,PROD00275,4,584.1,20.0
ITEM001835,ORD00736,PROD00144,3,586.13,0.0
ITEM001839,ORD00738,PROD00428,4,45.38,0.0
ITEM001840,ORD00739,PROD00026,7,462.62,0.0
ITEM001841,ORD00739,PROD00234,5,100.14,0.0
ITEM001842,ORD00739,PROD00203,2,337.85,0.0
ITEM001843,ORD00739,PROD00334,6,467.13,0.0
ITEM001844,ORD00740,PROD00435,7,316.88,0.0
ITEM001845,ORD00740,PROD00474,2,588.28,0.0
ITEM001846,ORD00740,PROD00356,6,540.49,25.0
ITEM001847,ORD00740,PROD00018,3,12.77,40.0
ITEM001848,ORD00741,PROD00006,5,661.37,30.0
ITEM001849,ORD00742,PROD00011,4,223.98,20.0
ITEM001850,ORD00742,PROD00018,1,10.61,0.0
ITEM001851,ORD00742,PROD00137,4,76.88,0.0
ITEM001852,ORD00742,PROD00331,-4,559.36,0.0
ITEM001853,ORD00743,PROD00281,3,415.14,0.0
ITEM001854,ORD00744,PROD00467,5,420.09,25.0
ITEM001855,ORD00744,PROD00232,7,606.91,0.0
ITEM001856,ORD00744,PROD00169,1,207.36,25.0
ITEM001857,ORD00744,PROD00213,3,320.15,25.0
ITEM001858,ORD00745,PROD00205,6,241.85,5.0
ITEM001859,ORD00745,PROD00433,5,507.13,0.0
ITEM001860,ORD00745,PROD00061,1,232.47,20.0
ITEM001861,ORD00745,PROD00392,2,32.6,0.0
ITEM001862,ORD00746,PROD00016,4,309.92,0.0
ITEM001863,ORD00746,PROD00036,3,368.41,40.0
ITEM001864,ORD00746,PROD00243,3,563.54,0.0
ITEM001865,ORD00746,PROD00316,3,448.89,0.0
ITEM001866,ORD00747,PROD00360,4,196.89,0.0
ITEM001867,ORD00747,PROD00047,1,380.25,15.0
ITEM001868,ORD00747,PROD00313,7,44.83,0.0
ITEM001869,ORD00747,PROD00106,4,432.58,0.0
ITEM001870,ORD00748,PROD00491,1,116.26,0.0
ITEM001871,ORD00748,PROD00290,7,27.68,40.0
ITEM001872,ORD00749,PROD00316,8,492.59,0.0
ITEM001873,ORD00750,PROD00491,4,141.78,0.0
ITEM001874,ORD00750,PROD00398,4,560.0,30.0
ITEM001875,ORD00751,PROD00239,2,352.57,0.0
ITEM001876,ORD00752,PROD00198,5,225.15,15.0
ITEM001877,ORD00753,PROD00053,5,228.25,0.0
ITEM001878,ORD00754,PROD00462,2,167.24,0.0
ITEM001879,ORD00754,PROD00230,2,148.25,40.0
ITEM001880,ORD00755,PROD00323,8,130.3,0.0
ITEM001881,ORD00755,PROD00263,1,9.11,5.0
ITEM001882,ORD00755,PROD00233,3,550.49,20.0
ITEM001883,ORD00755,PROD00282,5,168.96,15.0
ITEM001884,ORD00756,PROD00339,8,64.27,0.0
ITEM001885,ORD00757,PROD00488,8,477.91,0.0
ITEM001886,ORD00757,PROD00215,7,252.67,30.0
ITEM001887,ORD00757,PROD00308,7,593.96,0.0
ITEM001888,ORD00758,PROD00208,1,623.86,0.0
ITEM001889,ORD00758,PROD00431,2,375.5,10.0
ITEM001890,ORD00758,PROD00473,5,382.77,0.0
ITEM001891,ORD00758,PROD00412,3,289.06,0.0
ITEM001892,ORD00759,PROD00461,-3,459.93,30.0
ITEM001893,ORD00759,PROD00477,5,116.55,10.0
ITEM001894,ORD00759,PROD00209,2,619.74,0.0
ITEM001895,ORD00759,PROD00115,-4,124.98,0.0
ITEM001896,ORD00760,PROD00292,1,77.5,0.0
ITEM001897,ORD00760,PROD00390,3,495.9,0.0
ITEM001898,ORD00760,PROD00193,5,426.01,0.0
ITEM001899,ORD00761,PROD00131,2,223.61,15.0
ITEM001900,ORD00761,PROD00399,1,181.11,30.0
ITEM001901,ORD00761,PROD00140,3,428.34,25.0
ITEM001902,ORD00761,PROD00232,4,700.28,0.0
ITEM001903,ORD00762,PROD00211,4,476.73,0.0
ITEM001904,ORD00762,PROD00020,8,441.08,25.0
ITEM001905,ORD00762,PROD00209,2,559.61,0.0
ITEM001906,ORD00762,PROD00291,3,270.17,0.0
ITEM001907,ORD00763,PROD00096,7,139.56,40.0
ITEM001908,ORD00763,PROD00006,7,586.33,0.0
ITEM001909,ORD00763,PROD00477,7,113.98,20.0
ITEM001910,ORD00764,PROD00302,4,414.55,30.0
ITEM001911,ORD00764,PROD00245,7,443.6,0.0
ITEM001912,ORD00765,PROD00231,6,354.14,0.0
ITEM001913,ORD00765,PROD00155,5,183.41,0.0
ITEM001914,ORD00765,PROD00486,5,688.24,5.0
ITEM001915,ORD00765,PROD00168,4,279.49,0.0
ITEM001916,ORD00766,PROD00065,-1,259.18,0.0
ITEM001917,ORD00766,PROD00153,8,251.18,0.0
ITEM001918,ORD00767,PROD00490,4,340.77,30.0
ITEM001919,ORD00768,PROD00112,1,474.67,20.0
ITEM001920,ORD00769,PROD00078,8,302.63,0.0
ITEM001921,ORD00769,PROD00277,6,333.06,0.0
ITEM001922,ORD00769,PROD00082,3,398.31,0.0
ITEM001923,ORD00770,PROD00029,4,98.22,0.0
ITEM001924,ORD00770,PROD00292,7,89.01,40.0
ITEM001925,ORD00771,PROD00287,7,29.83,40.0
ITEM001926,ORD00771,PROD00333,6,605.91,0.0
ITEM001927,ORD00771,PROD00003,6,104.9,50.0
ITEM001928,ORD00772,PROD00210,7,433.29,40.0
ITEM001929,ORD00772,PROD00388,5,549.82,0.0
ITEM001930,ORD00772,PROD00127,5,253.88,0.0
ITEM001931,ORD00772,PROD00084,2,300.69,0.0
ITEM001935,ORD00774,PROD00427,2,242.45,0.0
ITEM001936,ORD00774,PROD00100,1,334.85,15.0
ITEM001937,ORD00774,PROD00437,5,367.05,0.0
ITEM001939,ORD00776,PROD00444,4,515.79,0.0
ITEM001940,ORD00776,PROD00496,8,404.83,0.0
ITEM001941,ORD00776,PROD00388,8,522.52,50.0
ITEM001942,ORD00776,PROD00046,4,548.96,0.0
ITEM001943,ORD00777,PROD00041,7,476.62,0.0
ITEM001944,ORD00777,PROD00310,6,463.31,0.0
ITEM001945,ORD00777,PROD00279,2,329.17,15.0
ITEM001946,ORD00778,PROD00368,7,193.13,0.0
ITEM001947,ORD00778,PROD00342,7,460.14,0.0
ITEM001948,ORD00778,PROD00243,-5,525.34,0.0
ITEM001949,ORD00779,PROD00368,5,165.93,0.0
ITEM001950,ORD00780,PROD00390,3,464.9,5.0
ITEM001951,ORD00781,PROD00302,3,352.51,5.0
ITEM001952,ORD00781,PROD00123,7,563.25,0.0
ITEM001953,ORD00782,PROD00338,1,453.02,0.0
ITEM001954,ORD00783,PROD00047,7,442.63,0.0
ITEM001955,ORD00783,PROD00308,4,483.36,0.0
ITEM001956,ORD00783,PROD00214,1,318.16,20.0
ITEM001957,ORD00784,PROD00135,1,23.67,20.0
ITEM001958,ORD00784,PROD00022,8,30.88,0.0
ITEM001959,ORD00784,PROD00087,2,441.4,25.0
ITEM001960,ORD00785,PROD00444,2,533.73,10.0
ITEM001961,ORD00785,PROD00416,2,444.96,0.0
ITEM001962,ORD00785,PROD00284,1,249.29,10.0
ITEM001963,ORD00786,PROD00337,7,159.02,40.0
ITEM001964,ORD00786,PROD00076,4,412.91,0.0
ITEM001965,ORD00787,PROD00244,5,559.92,0.0
ITEM001966,ORD00788,PROD00372,1,624.85,30.0
ITEM001967,ORD00788,PROD00396,4,36.82,15.0
ITEM001968,ORD00788,PROD00200,6,160.9,0.0
ITEM001969,ORD00788,PROD00216,8,45.36,40.0
ITEM001970,ORD00789,PROD00093,7,309.26,0.0
ITEM001971,ORD00789,PROD00500,7,387.43,0.0
ITEM001972,ORD00789,PROD00009,8,302.1,40.0
ITEM001973,ORD00789,PROD00111,7,99.98,40.0
ITEM001974,ORD00790,PROD00122,7,476.5,15.0
ITEM001975,ORD00790,PROD00023,2,323.44,0.0
ITEM001976,ORD00790,PROD00429,-2,292.28,0.0
ITEM001977,ORD00790,PROD00304,3,145.12,30.0
ITEM001978,ORD00791,PROD00074,1,266.55,0.0
ITEM001979,ORD00792,PROD00393,6,71.88,15.0
ITEM001980,ORD00792,PROD00119,3,78.39,0.0
ITEM001981,ORD00793,PROD00023,8,323.44,20.0
ITEM001982,ORD00793,PROD00479,6,76.49,0.0
ITEM001983,ORD00793,PROD00323,3,143.11,0.0
ITEM001984,ORD00793,PROD00286,5,252.11,40.0
ITEM001985,ORD00794,PROD00064,2,417.94,0.0
ITEM001986,ORD00795,PROD00323,4,132.43,15.0
ITEM001987,ORD00795,PROD00391,7,324.63,0.0
ITEM001988,ORD00795,PROD00407,3,65.49,5.0
ITEM001989,ORD00796,PROD00359,1,127.88,5.0
ITEM001990,ORD00796,PROD00416,3,448.49,0.0
ITEM001991,ORD00796,PROD00230,8,115.65,0.0
ITEM001992,ORD00797,PROD00462,1,170.73,0.0
ITEM001993,ORD00797,PROD00033,-6,522.75,0.0
ITEM001994,ORD00797,PROD00102,2,266.36,30.0
ITEM001995,ORD00797,PROD00487,8,446.31,0.0
ITEM001996,ORD00798,PROD00178,1,488.66,0.0
ITEM001997,ORD00799,PROD00039,6,410.95,0.0
ITEM001998,ORD00799,PROD00029,5,103.47,0.0
ITEM001999,ORD00799,PROD00050,6,68.25,50.0
ITEM002000,ORD00800,PROD00164,2,682.39,30.0
