customer_id,customer_name,email,registration_date,customer_type
CUST00001,Bob Smith,bob.smith41@yahoo.com,2025-03-13 03:43:54,VIP
CUST00002,Emma Johnson,emma.johnson14@gmail.com,2025-02-17 07:57:37,REGULAR
CUST00003,David Robinson,david.robinson35@example.com,2025-08-03 08:01:33,PREMIUM
CUST00004,James White,james.white10@yahoo.com,2025-12-24 15:23:12,PREMIUM
CUST00005,George Taylor,george.taylor53@gmail.com,2025-02-17 13:49:57,REGULAR
CUST00006,Julia Thomas,julia.thomas15@outlook.com,2025-10-02 04:32:41,PREMIUM
CUST00007,Alice Lewis,alice.lewis90@example.com,2026-03-30 13:10:00,VIP
CUST00008,Ethan Johnson,ethan.johnson39@hotmail.com,2025-02-10 08:28:32,REGULAR
CUST00009,Kevin White,kevin.white56@yahoo.com,2025-07-09 12:56:06,REGULAR
CUST00010,George Johnson,george.johnson31@example.com,2026-01-09 08:54:47,REGULAR
CUST00011,Michael Martin,michael.martin91@example.com,2025-04-23 11:48:24,REGULAR
CUST00012,Fiona Doe,fiona.doe61@hotmail.com,2025-02-03 07:40:53,VIP
CUST00013,Ian Wilson,ian.wilson60@outlook.com,2025-03-15 09:38:38,REGULAR
CUST00014,Fiona Lewis,fiona.lewis84@outlook.com,2026-04-05 21:14:44,PREMIUM
CUST00015,Julia Davis,julia.davis27@example.com,2025-09-10 03:18:35,REGULAR
CUST00016,Bob Taylor,bob.taylor97@outlook.com,2025-11-02 02:18:46,PREMIUM
CUST00017,Kevin Robinson,kevin.robinson77@hotmail.com,2025-10-11 00:25:04,VIP
CUST00018,Bob Lewis,bob.lewis92@hotmail.com,2025-02-27 10:41:09,PREMIUM
CUST00019,Diana Roy,diana.roy43example.com,2026-01-26 06:30:16,VIP
CUST00020,Bob Clark,bob.clark74@example.com,2025-04-12 05:33:52,PREMIUM
CUST00021,Diana Lewis,diana.lewis77@gmail.com,2025-11-03 11:48:07,PREMIUM
CUST00022,John Brown,john.brown49@yahoo.com,2025-01-30 08:46:11,VIP
CUST00023,Alice Johnson,alice.johnson18@example.com,2026-01-28 04:34:43,REGULAR
CUST00024,Sarah Lewis,sarah.lewis77@example.com,2025-08-05 07:42:40,VIP
CUST00025,Ethan Clark,ethan.clark95@hotmail.com,2025-08-13 18:50:39,PREMIUM
CUST00026,Bob Davis,bob.davis53@gmail.com,2025-10-29 20:10:03,REGULAR
CUST00027,James Davis,james.davis90gmail.com,2025-04-28 02:27:14,REGULAR
CUST00028,Ian Johnson,ian.johnson45@outlook.com,2025-04-20 19:37:58,REGULAR
CUST00029,James Clark,james.clark70@outlook.com,2025-04-08 03:26:03,REGULAR
CUST00030,Laura Thomas,laura.thomas69@gmail.com,2025-12-11 23:47:29,VIP
CUST00031,Bob Doe,bob.doe53@gmail.com,2025-05-08 06:58:32,REGULAR
CUST00032,Emma Roy,emma.roy33@hotmail.com,2025-08-25 09:05:42,REGULAR
CUST00033,Michael Lewis,michael.lewis93@example.com,2026-03-05 00:32:14,REGULAR
CUST00034,Fiona Miller,fiona.miller71@yahoo.com,2026-03-19 14:36:05,REGULAR
CUST00035,Diana Martin,diana.martin59hotmail.com,2026-04-20 16:33:58,PREMIUM
CUST00036,Laura Lewis,laura.lewis72@yahoo.com,2025-04-08 10:48:10,REGULAR
CUST00037,Jane Clark,jane.clark17@hotmail.com,2025-01-30 01:49:32,VIP
CUST00038,Sarah Harris,sarah.harris77@yahoo.com,2025-01-30 18:29:22,REGULAR
CUST00039,Diana Johnson,diana.johnson96@yahoo.com,2025-07-26 04:21:53,VIP
CUST00040,Fiona Clark,fiona.clark89@gmail.com,2025-08-03 23:56:03,VIP
CUST00041,James Harris,james.harris43@yahoo.com,2025-12-09 11:26:20,REGULAR
CUST00042,George Martin,george.martin92@hotmail.com,2025-08-23 11:30:41,REGULAR
CUST00043,John Roy,john.roy82@gmail.com,2025-02-07 19:34:28,REGULAR
CUST00044,David White,david.white54@gmail.com,2026-03-27 08:53:38,PREMIUM
CUST00045,Hannah Miller,hannah.miller79@hotmail.com,2025-11-10 23:48:37,VIP
CUST00046,John Lewis,john.lewis94@gmail.com,2026-04-26 04:53:21,PREMIUM
CUST00047,Bob Brown,bob.brown29@hotmail.com,2025-05-25 22:01:16,REGULAR
CUST00048,Ian Wilson,ian.wilson43@example.com,2025-09-08 09:08:34,REGULAR
CUST00049,Alice Garcia,alice.garcia15@gmail.com,2025-06-20 04:45:46,VIP
CUST00050,George Miller,george.miller80@outlook.com,2025-10-15 00:21:07,REGULAR
CUST00051,Alice Taylor,alice.taylor57@example.com,2025-10-10 05:23:30,PREMIUM
CUST00052,Charlie Doe,charlie.doe15@hotmail.com,2025-04-18 09:05:06,VIP
CUST00053,Bob Thomas,bob.thomas62@example.com,2026-01-19 05:37:37,REGULAR
CUST00054,Diana Miller,diana.miller13@yahoo.com,2026-01-13 12:05:40,PREMIUM
CUST00055,Fiona White,fiona.white99@gmail.com,2025-07-15 01:24:35,PREMIUM
CUST00056,Fiona Wilson,fiona.wilson68@hotmail.com,2025-06-06 08:17:11,REGULAR
CUST00057,John Wilson,john.wilson45@gmail.com,2026-01-31 10:09:45,PREMIUM
CUST00058,David Martin,david.martin78@hotmail.com,2026-04-26 01:00:17,REGULAR
CUST00059,George Miller,george.miller43@gmail.com,2025-02-25 21:43:13,PREMIUM
CUST00060,Julia Hall,julia.hall75@gmail.com,2025-07-17 20:59:34,REGULAR
CUST00061,George Doe,george.doe10@example.com,2026-04-19 19:36:15,VIP
CUST00062,Ethan Thomas,ethan.thomas95@hotmail.com,2025-11-16 11:25:45,VIP
CUST00063,Bob Clark,bob.clark95@outlook.com,2025-06-17 14:39:03,VIP
CUST00064,Hannah Lewis,hannah.lewis63@outlook.com,2025-12-13 06:20:10,VIP
CUST00065,James Clark,james.clark10@hotmail.com,2025-05-27 07:39:09,PREMIUM
CUST00066,James Robinson,james.robinson69@outlook.com,2025-08-15 07:46:50,VIP
CUST00067,Sarah Miller,sarah.miller46@example.com,2025-12-06 23:02:40,VIP
CUST00068,Ian Johnson,ian.johnson40@hotmail.com,2025-04-26 07:15:00,REGULAR
CUST00069,John Doe,john.doe70@example.com,2026-03-12 02:39:05,PREMIUM
CUST00070,Laura Clark,laura.clark99@outlook.com,2025-09-11 14:33:03,REGULAR
CUST00071,Charlie Smith,charlie.smith23@outlook.com,2025-04-23 06:24:13,VIP
CUST00072,David Roy,david.roy41@gmail.com,2025-08-22 04:51:17,PREMIUM
CUST00073,David Lewis,david.lewis66@example.com,2026-02-22 18:22:42,PREMIUM
CUST00074,Emma Roy,emma.roy70@outlook.com,2025-05-13 09:00:06,VIP
CUST00075,George Harris,george.harris40@hotmail.com,2025-08-14 02:49:15,VIP
CUST00076,Hannah Davis,hannah.davis50@example.com,2025-02-11 05:02:16,REGULAR
CUST00077,Fiona Martin,fiona.martin37@gmail.com,2025-08-01 14:50:24,PREMIUM
CUST00078,Emma Roy,emma.roy36@outlook.com,2025-07-19 21:15:56,VIP
CUST00079,John Clark,john.clark10@hotmail.com,2025-06-02 14:11:56,PREMIUM
CUST00080,Emma Lewis,emma.lewis38@outlook.com,2025-04-23 09:56:14,PREMIUM
CUST00081,Sarah Smith,sarah.smith95@outlook.com,2026-01-06 06:00:32,PREMIUM
CUST00082,Charlie Robinson,charlie.robinson60@example.com,2025-10-16 00:59:12,REGULAR
CUST00083,Laura Taylor,laura.taylor33@gmail.com,2025-05-14 13:48:09,PREMIUM
CUST00084,Ethan Roy,ethan.roy58@hotmail.com,2026-01-21 15:20:55,PREMIUM
CUST00085,Alice Lee,alice.lee79@,2025-01-27 12:44:30,REGULAR
CUST00086,Alice Doe,alice.doe41@yahoo.com,2026-03-06 00:44:31,VIP
CUST00087,Charlie Davis,charlie.davis95@gmail.com,2025-10-16 07:56:09,PREMIUM
CUST00088,George Thomas,george.thomas87@gmail.com,2026-02-03 05:57:45,PREMIUM
CUST00089,Bob Clark,bob.clark49@example.com,2025-12-13 13:39:52,PREMIUM
CUST00090,Ethan Johnson,ethan.johnson90@yahoo.com,2025-02-22 10:58:49,VIP
CUST00091,Olivia Brown,olivia.brown82@gmail.com,2025-06-27 19:23:47,PREMIUM
CUST00092,Julia Johnson,julia.johnson53@gmail.com,2026-03-11 15:17:37,PREMIUM
CUST00093,Bob Garcia,bob.garcia91@outlook.com,2025-12-29 05:34:12,PREMIUM
CUST00094,Diana Harris,diana.harris44@example.com,2026-02-18 19:35:39,PREMIUM
CUST00095,Michael Garcia,michael.garcia85@hotmail.com,2025-06-15 08:56:17,REGULAR
CUST00096,George Roy,george.roy69@example.com,2025-11-09 13:47:54,PREMIUM
CUST00097,John Lee,john.lee33@outlook.com,2025-04-19 12:55:07,PREMIUM
CUST00098,Ian White,ian.white99@hotmail.com,2025-10-12 00:22:10,VIP
CUST00099,Ethan Johnson,ethan.johnson62@outlook.com,2025-10-12 08:44:59,VIP
CUST00100,Sarah Lee,sarah.lee12@gmail.com,2025-05-31 08:04:05,PREMIUM
CUST00101,Fiona Clark,fiona.clark57@outlook.com,2025-10-11 19:19:48,PREMIUM
CUST00102,Laura Lewis,laura.lewis99@outlook.com,2025-05-19 11:09:49,PREMIUM
CUST00103,Fiona Brown,fiona.brown50@gmail.com,2026-01-16 19:30:36,VIP
CUST00104,Diana Wilson,diana.wilson71@hotmail.com,2026-01-06 21:27:58,VIP
CUST00105,Olivia Clark,olivia.clark34@hotmail.com,2025-04-27 13:08:21,REGULAR
CUST00106,Hannah Smith,hannah.smith26@hotmail.com,2025-01-24 01:59:06,VIP
CUST00107,Hannah Taylor,hannah.taylor72@gmail.com,2026-03-23 00:26:47,VIP
CUST00108,Hannah Lee,hannah.lee53@yahoo.com,2025-01-27 09:11:32,PREMIUM
CUST00109,Bob Johnson,bob.johnson19@example.com,2025-11-19 01:57:06,REGULAR
CUST00110,Charlie Clark,charlie.clark20@yahoo.com,2025-03-02 20:19:07,PREMIUM
CUST00111,Olivia Robinson,olivia.robinson38@example.com,2025-07-14 16:24:09,PREMIUM
CUST00112,Hannah Clark,hannah.clark49@example.com,2025-11-14 02:11:34,VIP
CUST00113,Bob Wilson,bob.wilson43@gmail.com,2025-03-22 08:43:59,REGULAR
CUST00114,Emma Johnson,emma.johnson62@outlook.com,2025-12-19 21:37:12,PREMIUM
CUST00115,Hannah Doe,hannah.doe46@outlook.com,2025-02-06 08:29:55,PREMIUM
CUST00116,James Wilson,james.wilson79@yahoo.com,2025-11-28 05:25:28,PREMIUM
CUST00117,Charlie Johnson,charlie.johnson49@example.com,2026-01-19 20:43:27,PREMIUM
CUST00118,Michael Brown,michael.brown48@outlook.com,2026-04-28 09:54:43,VIP
CUST00119,Emma Lee,emma.lee86@gmail.com,2026-04-01 15:43:46,VIP
CUST00120,Ian Robinson,ian.robinson21@yahoo.com,2025-12-12 20:56:32,VIP
CUST00121,John White,john.white32@outlook.com,2025-09-23 23:43:14,PREMIUM
CUST00122,George Miller,george.miller65@outlook.com,2025-02-16 17:06:45,PREMIUM
CUST00123,Laura Hall,laura.hall23@yahoo.com,2025-06-18 14:59:15,VIP
CUST00124,Sarah Clark,sarah.clark61@example.com,2025-01-19 16:33:34,REGULAR
CUST00125,Ian White,ian.white61@example.com,2026-02-27 00:02:30,VIP
CUST00126,Emma Roy,emma.roy34@example.com,2025-07-05 22:40:09,PREMIUM
CUST00127,Michael Doe,michael.doe80@yahoo.com,2026-04-20 10:29:12,PREMIUM
CUST00128,Sarah Brown,sarah.brown90@example.com,2026-02-14 08:42:45,VIP
CUST00129,Diana Clark,diana.clark80@outlook.com,2025-02-17 08:10:51,REGULAR
CUST00130,Michael Brown,michael.brown29@outlook.com,2026-04-23 10:37:34,VIP
CUST00131,George Garcia,george.garcia70@yahoo.com,2025-08-22 20:04:15,REGULAR
CUST00132,Kevin Wilson,kevin.wilson75@yahoo.com,2026-03-19 02:32:30,PREMIUM
CUST00133,Laura Hall,laura.hall74@hotmail.com,2026-02-25 00:05:36,PREMIUM
CUST00134,Hannah Clark,hannah.clark94@outlook.com,2026-03-20 05:24:36,PREMIUM
CUST00135,Emma Lee,emma.lee80@example.com,2025-07-13 16:34:42,PREMIUM
CUST00136,Ethan Davis,ethan.davis39@outlook.com,2025-01-23 11:35:04,VIP
CUST00137,Sarah Martin,sarah.martin94@yahoo.com,2025-09-11 01:20:52,REGULAR
CUST00138,David Clark,david.clark22@outlook.com,2025-02-21 19:08:57,PREMIUM
CUST00139,John Taylor,john.taylor93@yahoo.com,2025-02-08 17:05:37,PREMIUM
CUST00140,Ian Robinson,ian.robinson93@gmail.com,2026-03-13 11:57:45,VIP
CUST00141,Emma Martin,emma.martin90@outlook.com,2026-03-23 19:41:52,REGULAR
CUST00142,Olivia Johnson,olivia.johnson97@hotmail.com,2025-04-27 03:17:26,PREMIUM
CUST00143,Bob Brown,bob.brown98@hotmail.com,2026-04-08 01:03:14,REGULAR
CUST00144,Ian Doe,ian.doe57@outlook.com,2025-03-16 08:53:27,VIP
CUST00145,Laura Clark,laura.clark33@yahoo.com,2025-03-31 02:52:30,VIP
CUST00146,Kevin Robinson,kevin.robinson73@example.com,2025-03-15 08:27:13,PREMIUM
CUST00147,George Roy,george.roy11@outlook.com,2026-04-07 10:28:20,VIP
CUST00148,Emma Miller,emma.miller54@example.com,2025-06-03 23:15:46,PREMIUM
CUST00149,George Roy,george.roy35@outlook.com,2026-03-13 17:35:35,REGULAR
CUST00150,Fiona Martin,fiona.martin83@hotmail.com,2025-12-25 10:44:56,REGULAR
CUST00151,Kevin White,kevin.white97gmail.com,2026-04-12 22:04:42,VIP
CUST00152,Sarah Clark,sarah.clark39@example.com,2026-02-15 12:49:39,REGULAR
CUST00153,Ethan Robinson,ethan.robinson94@yahoo.com,2025-11-18 03:32:15,VIP
CUST00154,Jane Clark,jane.clark14@example.com,2025-07-06 04:47:04,REGULAR
CUST00155,Hannah Hall,hannah.hall32@yahoo.com,2025-03-09 19:38:21,PREMIUM
CUST00156,David Harris,david.harris31@hotmail.com,2026-04-13 17:32:36,PREMIUM
CUST00157,Ian Brown,ian.brown19@yahoo.com,2026-01-22 08:12:51,VIP
CUST00158,Kevin Lewis,kevin.lewis60@gmail.com,2025-05-16 19:32:09,REGULAR
CUST00159,Michael Thomas,michael.thomas96@hotmail.com,2025-10-27 13:52:21,VIP
CUST00160,Julia Brown,julia.brown70@gmail.com,2025-11-14 20:26:24,PREMIUM
CUST00161,Olivia Davis,olivia.davis91@outlook.com,2026-04-11 11:00:08,VIP
CUST00162,Laura Brown,laura.brown14@hotmail.com,2025-09-10 04:13:40,REGULAR
CUST00163,Fiona Lewis,fiona.lewis68@hotmail.com,2025-12-10 19:40:04,PREMIUM
CUST00164,James Taylor,james.taylor93@gmail.com,2026-03-03 17:48:59,VIP
CUST00165,Laura White,laura.white57@yahoo.com,2025-08-16 16:11:27,REGULAR
CUST00166,Julia Brown,julia.brown57@example.com,2026-04-07 23:28:38,PREMIUM
CUST00167,Jane Martin,jane.martin25@outlook.com,2025-02-16 07:43:21,VIP
CUST00168,Olivia Smith,olivia.smith52@yahoo.com,2025-03-06 20:33:20,REGULAR
CUST00169,Alice Lewis,alice.lewis37@yahoo.com,2025-06-18 05:22:20,VIP
CUST00170,John White,john.white28@yahoo.com,2025-10-04 09:07:33,REGULAR
CUST00171,Bob Smith,bob.smith55@yahoo.com,2025-10-29 11:47:17,REGULAR
CUST00172,Diana White,diana.white63@example.com,2025-02-28 02:18:50,PREMIUM
CUST00173,Michael Thomas,michael.thomas23@outlook.com,2025-09-15 08:03:58,VIP
CUST00174,Jane Harris,jane.harris92@gmail.com,2025-02-01 17:26:21,PREMIUM
CUST00175,Laura Brown,laura.brown66@gmail.com,2026-04-06 02:56:29,PREMIUM
CUST00176,Olivia Taylor,olivia.taylor45@example.com,2025-11-21 21:18:44,VIP
CUST00177,Ian Martin,ian.martin77@hotmail.com,2025-08-21 18:24:23,VIP
CUST00178,Laura Brown,laura.brown24@example.com,2026-01-05 07:49:43,PREMIUM
CUST00179,Michael Davis,michael.davis68@outlook.com,2025-08-01 03:27:43,PREMIUM
CUST00180,Laura Hall,laura.hall57@yahoo.com,2025-12-18 17:16:03,REGULAR
CUST00181,Alice Johnson,alice.johnson22@hotmail.com,2026-02-20 04:44:14,VIP
CUST00182,Jane Clark,jane.clark81@hotmail.com,2025-12-10 04:27:01,PREMIUM
CUST00183,Julia Garcia,julia.garcia16@hotmail.com,2025-11-04 11:22:33,PREMIUM
CUST00184,Bob Clark,bob.clark29@outlook.com,2025-04-25 03:56:24,PREMIUM
CUST00185,Emma Thomas,emma.thomas45@example.com,2025-04-26 15:37:24,VIP
CUST00186,Olivia Robinson,olivia.robinson81@gmail.com,2025-11-08 23:57:03,VIP
CUST00187,George Smith,george.smith99@hotmail.com,2026-04-17 12:22:21,PREMIUM
CUST00188,John Miller,john.miller82@outlook.com,2025-02-05 05:09:55,VIP
CUST00189,John Johnson,john.johnson37@outlook.com,2025-08-03 16:31:00,PREMIUM
CUST00190,Diana Thomas,diana.thomas51@example.com,2025-11-02 03:05:35,REGULAR
CUST00191,Charlie Miller,charlie.miller16@gmail.com,2025-05-20 16:07:59,VIP
CUST00192,Laura Lee,laura.lee63@hotmail.com,2025-04-21 18:39:14,REGULAR
CUST00193,Julia Garcia,julia.garcia96@example.com,2025-09-07 19:11:06,VIP
CUST00194,Hannah Doe,hannah.doe86@gmail.com,2025-01-04 07:26:34,PREMIUM
CUST00195,Ethan Taylor,ethan.taylor47@hotmail.com,2025-03-03 00:16:53,PREMIUM
CUST00196,Laura Miller,laura.miller78@yahoo.com,2025-09-14 20:20:33,VIP
CUST00197,Julia Johnson,julia.johnson15@outlook.com,2025-01-10 16:44:20,REGULAR
CUST00198,Ian Clark,ian.clark61@outlook.com,2025-05-29 04:11:36,PREMIUM
CUST00199,John Hall,john.hall89@outlook.com,2026-03-02 13:10:28,REGULAR
CUST00200,Laura Brown,laura.brown85@outlook.com,2025-09-26 02:51:48,PREMIUM
CUST00201,Hannah Hall,hannah.hall31@gmail.com,2025-09-19 23:03:18,REGULAR
CUST00202,David Harris,david.harris54@hotmail.com,2026-01-08 23:29:59,REGULAR
CUST00203,Fiona Brown,fiona.brown35@yahoo.com,2025-11-05 05:33:56,VIP
CUST00204,Alice Miller,alice.miller90@outlook.com,2025-08-26 20:31:29,VIP
CUST00205,Michael Clark,michael.clark89@hotmail.com,2026-03-19 22:50:10,PREMIUM
CUST00206,Charlie Roy,charlie.roy66@hotmail.com,2026-02-12 10:00:02,VIP
CUST00207,Jane Thomas,jane.thomas49@outlook.com,2025-08-20 01:22:09,REGULAR
CUST00208,Julia Clark,julia.clark21@example.com,2025-11-01 18:27:42,PREMIUM
CUST00209,Michael Clark,michael.clark15@outlook.com,2026-04-11 20:48:48,VIP
CUST00210,Ethan Hall,ethan.hall74@yahoo.com,2025-02-01 16:24:10,REGULAR
CUST00211,Ian Johnson,ian.johnson32@gmail.com,2025-05-07 15:56:17,PREMIUM
CUST00212,David Harris,david.harris56@hotmail.com,2026-04-15 10:17:59,PREMIUM
CUST00213,Laura Hall,laura.hall16@hotmail.com,2025-02-03 12:00:13,REGULAR
CUST00214,Emma Martin,emma.martin94@example.com,2026-03-24 05:28:29,PREMIUM
CUST00215,Alice Clark,alice.clark54@hotmail.com,2025-12-02 14:16:14,REGULAR
CUST00216,Olivia Johnson,olivia.johnson58@hotmail.com,2026-02-21 04:39:10,VIP
CUST00217,David Johnson,david.johnson64@example.com,2025-07-05 00:39:49,PREMIUM
CUST00218,Hannah Miller,hannah.miller53@outlook.com,2025-04-09 08:14:53,REGULAR
CUST00219,Charlie Johnson,charlie.johnson22@example.com,2026-01-30 19:39:08,VIP
CUST00220,David Doe,david.doe89@yahoo.com,2025-11-02 13:42:57,REGULAR
CUST00221,Diana Miller,diana.miller89@yahoo.com,2026-01-05 15:56:06,REGULAR
CUST00222,Laura Thomas,laura.thomas40@outlook.com,2025-11-09 10:22:26,VIP
CUST00223,Michael Davis,michael.davis49@outlook.com,2026-04-08 07:03:50,PREMIUM
CUST00224,James Roy,james.roy46@outlook.com,2025-09-15 19:12:15,PREMIUM
CUST00225,Diana Wilson,diana.wilson27@hotmail.com,2025-01-27 23:20:40,PREMIUM
CUST00226,Julia Lewis,julia.lewis76@gmail.com,2025-05-26 03:03:13,REGULAR
CUST00227,George Roy,george.roy28@outlook.com,2025-02-16 08:05:02,PREMIUM
CUST00228,Julia Smith,julia.smith60@example.com,2025-07-11 08:35:03,PREMIUM
CUST00229,Alice Thomas,alice.thomas50@gmail.com,2026-03-06 23:39:51,PREMIUM
CUST00230,Charlie Taylor,charlie.taylor70@yahoo.com,2026-01-24 17:04:47,PREMIUM
CUST00231,Olivia Smith,olivia.smith12@hotmail.com,2025-04-21 05:26:37,VIP
CUST00232,Olivia Harris,olivia.harris46@yahoo.com,2025-06-04 04:26:10,REGULAR
CUST00233,Fiona Garcia,fiona.garcia89@outlook.com,2025-02-02 04:02:10,PREMIUM
CUST00234,Olivia Lewis,olivia.lewis75@,2025-10-22 08:48:31,VIP
CUST00235,Charlie Clark,charlie.clark88@hotmail.com,2025-05-04 20:46:38,PREMIUM
CUST00236,Diana Johnson,diana.johnson56@gmail.com,2025-09-27 19:48:33,VIP
CUST00237,David Lewis,david.lewis70@gmail.com,2025-11-22 14:05:09,PREMIUM
CUST00238,George Smith,george.smith18@hotmail.com,2025-05-04 23:55:27,VIP
CUST00239,Bob Clark,bob.clark52@yahoo.com,2025-01-23 12:49:36,VIP
CUST00240,Ian Miller,ian.miller97@outlook.com,2025-12-23 17:25:22,VIP
CUST00241,Diana Taylor,diana.taylor68@gmail.com,2025-05-31 07:20:22,REGULAR
CUST00242,Ethan Doe,ethan.doe49@example.com,2025-07-23 19:46:16,PREMIUM
CUST00243,George Doe,george.doe34@hotmail.com,2025-07-02 01:44:25,VIP
CUST00244,Ian White,ian.white57@outlook.com,2026-04-01 14:33:51,VIP
CUST00245,Michael Martin,michael.martin33@outlook.com,2025-12-21 18:06:51,PREMIUM
CUST00246,David White,david.white64@gmail.com,2025-08-09 21:56:04,REGULAR
CUST00247,Emma Clark,emma.clark20@hotmail.com,2025-12-05 10:45:50,PREMIUM
CUST00248,Michael Robinson,michael.robinson31@outlook.com,2025-06-29 16:16:46,REGULAR
CUST00249,Julia Robinson,julia.robinson45@gmail.com,2025-02-08 23:12:40,PREMIUM
CUST00250,Julia Harris,julia.harris96@yahoo.com,2025-01-16 05:11:54,VIP
CUST00251,Michael Doe,michael.doe40@hotmail.com,2025-07-05 13:56:21,VIP
CUST00252,Jane Robinson,jane.robinson67@hotmail.com,2025-07-10 16:09:48,REGULAR
CUST00253,James Taylor,james.taylor60@hotmail.com,2025-11-29 10:08:48,REGULAR
CUST00254,Bob Smith,bob.smith73@example.com,2025-07-18 20:26:59,REGULAR
CUST00255,George White,george.white37@example.com,2025-05-27 17:53:02,REGULAR
CUST00256,Bob Taylor,bob.taylor67@yahoo.com,2026-04-06 16:12:21,REGULAR
CUST00257,Ian Thomas,ian.thomas80@example.com,2025-05-29 10:55:15,REGULAR
CUST00258,Diana Thomas,diana.thomas25@yahoo.com,2026-02-10 05:03:22,REGULAR
CUST00259,Sarah Smith,sarah.smith83@hotmail.com,2025-08-28 20:05:05,REGULAR
CUST00260,Olivia Johnson,olivia.johnson60@outlook.com,2025-09-27 14:57:23,PREMIUM
CUST00261,James Johnson,james.johnson50@gmail.com,2025-08-19 16:57:37,VIP
CUST00262,David Thomas,david.thomas80@example.com,2025-04-04 04:41:52,PREMIUM
CUST00263,David Doe,david.doe76@yahoo.com,2025-06-05 05:59:41,REGULAR
CUST00264,Ian Davis,ian.davis76@hotmail.com,2026-03-10 02:52:16,PREMIUM
CUST00265,Ethan Lewis,ethan.lewis90@hotmail.com,2025-11-11 19:25:24,REGULAR
CUST00266,David Miller,david.miller84@yahoo.com,2025-03-29 23:59:01,VIP
CUST00267,Olivia Hall,olivia.hall82@gmail.com,2026-02-27 01:01:58,REGULAR
CUST00268,Jane Clark,jane.clark36@example.com,2025-08-02 22:30:16,VIP
CUST00269,John Lee,john.lee79@hotmail.com,2025-11-25 10:59:56,PREMIUM
CUST00270,Fiona Martin,fiona.martin19@gmail.com,2025-03-22 16:00:19,PREMIUM
CUST00271,Sarah Roy,sarah.roy87@yahoo.com,2025-06-10 11:37:33,VIP
CUST00272,Julia Martin,julia.martin57@example.com,2025-10-15 03:51:57,PREMIUM
CUST00273,Fiona Roy,fiona.roy67@yahoo.com,2025-03-14 03:31:29,REGULAR
CUST00274,Hannah Martin,hannah.martin63@yahoo.com,2026-03-20 05:48:52,PREMIUM
CUST00275,James Hall,james.hall30@outlook.com,2025-09-21 16:59:46,PREMIUM
CUST00276,Hannah Lee,hannah.lee60@example.com,2025-08-23 08:45:52,REGULAR
CUST00277,James Thomas,james.thomas46@outlook.com,2025-11-02 23:49:15,VIP
CUST00278,Sarah Clark,sarah.clark23@outlook.com,2025-03-10 09:37:44,VIP
CUST00279,Julia Martin,julia.martin61@gmail.com,2025-10-19 20:27:18,REGULAR
CUST00280,Julia Lewis,julia.lewis59@example.com,2025-08-19 20:01:10,PREMIUM
CUST00281,Olivia Robinson,olivia.robinson22@outlook.com,2025-07-11 12:20:44,VIP
CUST00282,Julia Taylor,julia.taylor75@outlook.com,2025-09-14 01:27:56,REGULAR
CUST00283,Jane Taylor,jane.taylor70@example.com,2025-08-22 05:25:21,VIP
CUST00284,David Taylor,david.taylor88@hotmail.com,2025-03-25 14:18:25,VIP
CUST00285,Hannah Clark,hannah.clark75@example.com,2025-09-08 20:29:43,PREMIUM
CUST00286,Sarah Smith,sarah.smith96@gmail.com,2025-08-02 21:15:07,PREMIUM
CUST00287,John Robinson,john.robinson93@example.com,2025-10-23 08:17:04,VIP
CUST00288,Jane Clark,jane.clark77@example.com,2026-02-01 13:50:32,REGULAR
CUST00289,Fiona Doe,fiona.doe99@gmail.com,2025-04-08 00:41:22,PREMIUM
CUST00290,Ian Garcia,ian.garcia98@yahoo.com,2025-07-30 18:16:14,VIP
CUST00291,Sarah Doe,sarah.doe76@yahoo.com,2025-10-15 11:50:04,VIP
CUST00292,Sarah Harris,sarah.harris32@outlook.com,2026-04-13 19:24:38,PREMIUM
CUST00293,Emma Thomas,emma.thomas97@hotmail.com,2025-11-09 17:37:42,REGULAR
CUST00294,Fiona White,fiona.white38@hotmail.com,2026-01-30 10:31:20,VIP
CUST00295,Ethan Lee,ethan.lee54@example.com,2026-04-24 09:57:22,PREMIUM
CUST00296,Bob Clark,bob.clark58@outlook.com,2026-02-24 12:33:57,REGULAR
CUST00297,Hannah Doe,hannah.doe20@hotmail.com,2026-04-19 16:06:23,VIP
CUST00298,George Lee,george.lee78@hotmail.com,2026-04-23 20:27:44,VIP
CUST00299,George Taylor,george.taylor85@yahoo.com,2025-05-05 01:50:53,VIP
CUST00300,David Davis,david.davis16@gmail.com,2025-07-31 12:01:32,VIP
CUST00301,Sarah Brown,sarah.brown27@gmail.com,2025-10-09 05:45:01,PREMIUM
CUST00302,Sarah Lee,sarah.lee46@hotmail.com,2025-05-27 23:30:59,REGULAR
CUST00303,Alice Clark,alice.clark14@yahoo.com,2025-08-02 06:24:00,REGULAR
CUST00304,Kevin Lee,kevin.lee47@gmail.com,2025-01-05 10:51:50,VIP
CUST00305,Olivia Brown,olivia.brown52@hotmail.com,2025-08-21 23:20:58,VIP
CUST00306,David Lee,david.lee27@example.com,2025-08-28 09:56:01,REGULAR
CUST00307,Bob Hall,bob.hall68@hotmail.com,2026-01-03 06:46:45,REGULAR
CUST00308,Ian Clark,ian.clark34@yahoo.com,2025-11-09 23:15:19,PREMIUM
CUST00309,Laura Harris,laura.harris61@gmail.com,2025-04-05 05:07:10,PREMIUM
CUST00310,Ian Davis,ian.davis59yahoo.com,2025-08-17 09:43:15,PREMIUM
CUST00311,Hannah Clark,hannah.clark11@hotmail.com,2025-12-01 13:05:27,VIP
CUST00312,Fiona Doe,fiona.doe69@hotmail.com,2025-03-23 14:45:38,VIP
CUST00313,David Clark,david.clark91@hotmail.com,2025-07-08 22:22:40,REGULAR
CUST00314,Fiona Taylor,fiona.taylor68@example.com,2025-07-11 15:08:25,VIP
CUST00315,Emma Lee,emma.lee95@yahoo.com,2026-01-26 09:00:35,VIP
CUST00316,Olivia Johnson,olivia.johnson77@hotmail.com,2025-02-09 20:32:26,REGULAR
CUST00317,Jane Lewis,jane.lewis35@example.com,2025-10-02 05:27:21,REGULAR
CUST00318,Ian Harris,ian.harris97@yahoo.com,2026-01-03 21:13:54,PREMIUM
CUST00319,Alice Harris,alice.harris17@outlook.com,2025-03-09 18:41:12,PREMIUM
CUST00320,Michael Clark,michael.clark69@hotmail.com,2026-01-06 00:47:33,PREMIUM
CUST00321,George Smith,george.smith84@gmail.com,2025-01-24 15:25:34,PREMIUM
CUST00322,Alice Lewis,alice.lewis18@outlook.com,2025-01-17 10:27:09,PREMIUM
CUST00323,Diana Taylor,diana.taylor92@outlook.com,2025-07-11 13:55:32,PREMIUM
CUST00324,Kevin Martin,kevin.martin94@example.com,2025-03-10 23:47:40,PREMIUM
CUST00325,Bob Miller,bob.miller60@example.com,2025-03-07 08:06:28,REGULAR
CUST00326,John Clark,john.clark79@outlook.com,2025-09-30 13:48:32,REGULAR
CUST00327,Fiona Roy,fiona.roy45@yahoo.com,2026-04-25 04:06:30,REGULAR
CUST00328,Laura Robinson,laura.robinson12@yahoo.com,2025-04-16 02:26:59,REGULAR
CUST00329,Olivia Doe,olivia.doe96@gmail.com,2025-05-06 01:36:38,PREMIUM
CUST00330,Michael Davis,michael.davis17@yahoo.com,2025-09-15 10:31:54,REGULAR
CUST00331,James Hall,james.hall96@hotmail.com,2025-05-02 10:59:12,REGULAR
CUST00332,David Davis,david.davis45@gmail.com,2025-10-13 21:32:30,VIP
CUST00333,Diana Garcia,diana.garcia16@hotmail.com,2026-04-28 23:25:20,VIP
CUST00334,Kevin Harris,kevin.harris63@outlook.com,2025-03-18 10:55:06,PREMIUM
CUST00335,Diana Lewis,diana.lewis38@hotmail.com,2026-03-16 05:15:20,PREMIUM
CUST00336,Jane Lewis,jane.lewis63@example.com,2025-09-29 04:52:55,PREMIUM
CUST00337,Fiona White,fiona.white92@gmail.com,2026-04-18 16:22:34,PREMIUM
CUST00338,Alice Lewis,alice.lewis34@gmail.com,2025-05-18 13:43:56,VIP
CUST00339,Olivia Robinson,olivia.robinson19@yahoo.com,2026-02-16 21:23:35,VIP
CUST00340,Emma Wilson,emma.wilson52@hotmail.com,2026-04-11 00:33:29,REGULAR
CUST00341,Ethan Brown,ethan.brown71@yahoo.com,2025-12-23 22:00:20,VIP
CUST00342,Ethan Martin,ethan.martin80@hotmail.com,2026-02-02 10:18:21,PREMIUM
CUST00343,Michael Lewis,michael.lewis49@hotmail.com,2025-07-04 18:40:15,PREMIUM
CUST00344,Michael Brown,michael.brown70@hotmail.com,2026-04-14 07:23:44,PREMIUM
CUST00345,Ian Garcia,ian.garcia38@yahoo.com,2025-01-09 09:29:40,VIP
CUST00346,James Clark,james.clark47@yahoo.com,2025-04-11 12:00:36,REGULAR
CUST00347,Kevin Clark,kevin.clark73@example.com,2025-12-02 12:17:25,PREMIUM
CUST00348,Sarah Lee,sarah.lee55@yahoo.com,2025-03-13 19:53:56,PREMIUM
CUST00349,Diana Lewis,diana.lewis17@example.com,2025-01-18 02:42:22,VIP
CUST00350,Jane Smith,jane.smith90@yahoo.com,2025-02-04 05:29:55,REGULAR
CUST00351,Ethan Harris,ethan.harris17@example.com,2025-11-23 22:26:48,PREMIUM
CUST00352,Sarah Smith,sarah.smith80outlook.com,2025-01-07 00:36:32,VIP
CUST00353,George Lewis,george.lewis12@example.com,2026-02-21 15:40:36,REGULAR
CUST00354,Bob Brown,bob.brown40@yahoo.com,2025-11-14 19:10:03,PREMIUM
CUST00355,Julia White,julia.white20@hotmail.com,2025-07-27 16:42:41,VIP
CUST00356,Fiona Davis,fiona.davis20@gmail.com,2025-02-17 14:45:20,PREMIUM
CUST00357,Kevin Lewis,kevin.lewis91@gmail.com,2025-12-26 06:14:23,REGULAR
CUST00358,Sarah Garcia,sarah.garcia52@example.com,2026-03-16 03:28:19,VIP
CUST00359,Jane Davis,jane.davis98@example.com,2025-09-01 09:52:12,REGULAR
CUST00360,Alice White,alice.white82@gmail.com,2025-04-02 11:27:00,REGULAR
CUST00361,Ethan Clark,ethan.clark60@gmail.com,2025-06-03 05:54:52,VIP
CUST00362,Fiona Clark,fiona.clark59@example.com,2025-06-19 13:58:31,VIP
CUST00363,Charlie Johnson,charlie.johnson54@gmail.com,2025-02-20 15:54:50,REGULAR
CUST00364,Alice Hall,alice.hall88@example.com,2025-07-23 11:52:58,REGULAR
CUST00365,George Roy,george.roy55@example.com,2026-04-27 13:40:07,PREMIUM
CUST00366,Diana Clark,diana.clark20@example.com,2025-06-01 08:58:22,VIP
CUST00367,Alice Johnson,alice.johnson58@yahoo.com,2026-01-14 14:11:08,PREMIUM
CUST00368,Julia Brown,julia.brown49@outlook.com,2025-07-04 09:49:18,REGULAR
CUST00369,Charlie Johnson,charlie.johnson67@example.com,2025-10-12 18:39:26,PREMIUM
CUST00370,Bob Smith,bob.smith80@gmail.com,2025-11-02 21:46:26,PREMIUM
CUST00371,Kevin Smith,kevin.smith59@gmail.com,2026-01-07 20:22:19,REGULAR
CUST00372,James Harris,james.harris58@yahoo.com,2025-03-13 09:47:27,PREMIUM
CUST00373,George Lee,george.lee31@outlook.com,2025-05-22 15:19:54,PREMIUM
CUST00374,Sarah Johnson,sarah.johnson41@outlook.com,2025-11-01 22:27:08,REGULAR
CUST00375,Michael Brown,michael.brown10@outlook.com,2025-06-20 22:34:49,PREMIUM
CUST00376,Ian Roy,ian.roy93@example.com,2025-03-11 10:56:18,PREMIUM
CUST00377,Olivia Wilson,olivia.wilson32@outlook.com,2025-06-13 10:36:40,VIP
CUST00378,Sarah Clark,sarah.clark51@outlook.com,2025-05-24 14:18:22,PREMIUM
CUST00379,Bob Clark,bob.clark79@yahoo.com,2025-12-16 20:01:42,REGULAR
CUST00380,Michael Wilson,michael.wilson47@gmail.com,2026-02-24 14:53:47,VIP
CUST00381,Sarah Taylor,sarah.taylor40@hotmail.com,2025-12-04 05:36:43,VIP
CUST00382,Laura Martin,laura.martin86@outlook.com,2025-10-26 14:35:34,VIP
CUST00383,David Garcia,david.garcia56@example.com,2025-11-01 23:14:07,REGULAR
CUST00384,Bob Davis,bob.davis55@yahoo.com,2025-11-28 22:18:24,REGULAR
CUST00385,James Martin,james.martin52@outlook.com,2025-02-24 00:23:02,REGULAR
CUST00386,George Davis,george.davis76@example.com,2025-10-25 20:56:37,REGULAR
CUST00387,Michael Thomas,michael.thomas96@example.com,2025-12-20 18:13:17,REGULAR
CUST00388,Julia Smith,julia.smith47@outlook.com,2026-04-17 03:07:33,REGULAR
CUST00389,Charlie Thomas,charlie.thomas68@yahoo.com,2025-09-24 17:34:58,PREMIUM
CUST00390,Sarah Brown,sarah.brown99@outlook.com,2025-06-13 02:26:44,PREMIUM
CUST00391,Jane Brown,jane.brown53@gmail.com,2025-12-13 05:59:02,VIP
CUST00392,Fiona Harris,fiona.harris30@hotmail.com,2025-10-14 15:31:25,PREMIUM
CUST00393,Fiona Martin,fiona.martin33@outlook.com,2025-07-22 01:03:46,VIP
CUST00394,Olivia Wilson,olivia.wilson64@outlook.com,2025-01-03 07:49:13,REGULAR
CUST00395,George Johnson,george.johnson78@yahoo.com,2025-07-07 11:52:07,REGULAR
CUST00396,Michael Brown,michael.brown72@example.com,2025-11-24 11:24:38,VIP
CUST00397,Kevin Robinson,kevin.robinson24@hotmail.com,2025-06-30 16:40:12,VIP
CUST00398,Diana Clark,diana.clark85@gmail.com,2025-12-11 04:52:36,PREMIUM
CUST00399,Bob Davis,bob.davis33@hotmail.com,2025-12-22 05:08:48,VIP
CUST00400,Kevin Garcia,kevin.garcia83@outlook.com,2025-08-05 06:45:47,PREMIUM
CUST00401,Emma Miller,emma.miller72@hotmail.com,2025-03-13 06:48:43,PREMIUM
CUST00402,Michael Robinson,michael.robinson55@gmail.com,2025-09-06 04:58:15,REGULAR
CUST00403,Kevin Lewis,kevin.lewis73@outlook.com,2025-12-17 17:54:11,PREMIUM
CUST00404,Michael Lee,michael.lee82@gmail.com,2026-02-12 08:01:45,PREMIUM
CUST00405,Jane White,jane.white46@yahoo.com,2026-02-04 16:39:02,VIP
CUST00406,Sarah Lewis,sarah.lewis83@gmail.com,2025-05-18 19:46:26,PREMIUM
CUST00407,Emma Doe,emma.doe66@example.com,2025-04-22 15:28:45,REGULAR
CUST00408,Fiona Clark,fiona.clark14@outlook.com,2025-05-15 12:41:28,REGULAR
CUST00409,Michael Brown,michael.brown40@yahoo.com,2026-02-20 21:24:20,VIP
CUST00410,Julia Robinson,julia.robinson31@example.com,2025-03-13 07:31:22,REGULAR
CUST00411,Jane Clark,jane.clark45@example.com,2025-10-03 06:07:49,PREMIUM
CUST00412,Hannah Clark,hannah.clark75@gmail.com,2025-03-11 14:59:08,REGULAR
CUST00413,George Taylor,george.taylor26@yahoo.com,2025-03-16 11:43:37,REGULAR
CUST00414,Kevin Lee,kevin.lee90@hotmail.com,2025-11-18 15:04:53,PREMIUM
CUST00415,Michael Johnson,michael.johnson21@outlook.com,2025-09-21 10:07:47,VIP
CUST00416,Julia Roy,julia.roy51@example.com,2025-01-02 03:23:28,VIP
CUST00417,Michael Thomas,michael.thomas78@outlook.com,2025-04-22 15:38:34,REGULAR
CUST00418,Sarah White,sarah.white46@hotmail.com,2025-10-08 21:02:30,REGULAR
CUST00419,James Lee,james.lee97@gmail.com,2025-01-24 03:37:31,VIP
CUST00420,Michael Smith,michael.smith30@outlook.com,2025-08-22 00:01:28,PREMIUM
CUST00421,Ethan Taylor,ethan.taylor48@yahoo.com,2026-03-24 09:58:36,REGULAR
CUST00422,Julia White,julia.white95@yahoo.com,2025-01-27 14:25:49,VIP
CUST00423,Hannah Davis,hannah.davis21@gmail.com,2025-01-01 07:46:13,PREMIUM
CUST00424,Alice Taylor,alice.taylor76@outlook.com,2025-01-05 00:17:36,VIP
CUST00425,Ian Brown,ian.brown64@yahoo.com,2025-09-02 02:34:43,REGULAR
CUST00426,Kevin Johnson,kevin.johnson23@gmail.com,2025-06-10 13:22:57,PREMIUM
CUST00427,Charlie Martin,charlie.martin27@yahoo.com,2025-02-05 19:18:54,VIP
CUST00428,John Robinson,john.robinson66@hotmail.com,2026-01-05 07:45:25,VIP
CUST00429,Charlie Garcia,charlie.garcia66@yahoo.com,2025-02-14 03:39:28,REGULAR
CUST00430,Bob Clark,bob.clark54@outlook.com,2025-06-11 05:05:27,REGULAR
CUST00431,George Johnson,george.johnson86@example.com,2026-01-05 22:07:18,PREMIUM
CUST00432,John Clark,john.clark87@example.com,2025-04-07 14:15:47,PREMIUM
CUST00433,Jane Davis,jane.davis24@yahoo.com,2025-09-13 23:13:54,VIP
CUST00434,Alice Harris,alice.harris11@hotmail.com,2026-04-24 11:31:20,REGULAR
CUST00435,Kevin Clark,kevin.clark79@yahoo.com,2026-01-26 17:08:56,REGULAR
CUST00436,John Clark,john.clark43@yahoo.com,2025-01-21 02:12:05,PREMIUM
CUST00437,David Clark,david.clark74@outlook.com,2025-08-05 14:38:47,REGULAR
CUST00438,Emma Lewis,emma.lewis45@gmail.com,2025-06-08 02:52:37,VIP
CUST00439,Ethan Taylor,ethan.taylor60@example.com,2025-11-21 23:39:35,VIP
CUST00440,Alice Clark,alice.clark40@gmail.com,2025-05-06 03:08:20,PREMIUM
CUST00441,Bob Roy,bob.roy17@hotmail.com,2025-12-08 23:57:32,VIP
CUST00442,Diana Brown,diana.brown27@,2025-12-26 00:24:47,REGULAR
CUST00443,Sarah Thomas,sarah.thomas43@yahoo.com,2025-07-10 04:37:17,VIP
CUST00444,George Brown,george.brown13@hotmail.com,2026-02-18 15:37:52,PREMIUM
CUST00445,David Johnson,david.johnson83@gmail.com,2025-09-12 16:34:23,VIP
CUST00446,Julia Doe,julia.doe82@yahoo.com,2025-07-08 05:43:38,PREMIUM
CUST00447,Bob Clark,bob.clark24@yahoo.com,2026-01-15 18:31:32,REGULAR
CUST00448,Jane Smith,jane.smith70@hotmail.com,2025-07-16 05:27:51,REGULAR
CUST00449,Jane Lewis,jane.lewis93@outlook.com,2025-04-25 11:42:59,REGULAR
CUST00450,Laura Hall,laura.hall19@example.com,2025-07-10 04:20:50,VIP
CUST00451,Jane Miller,jane.miller76@gmail.com,2025-07-25 02:30:34,PREMIUM
CUST00452,Hannah Clark,hannah.clark80@outlook.com,2025-01-05 13:25:54,REGULAR
CUST00453,Hannah Clark,hannah.clark89@yahoo.com,2025-08-26 13:24:30,VIP
CUST00454,Sarah Wilson,sarah.wilson79@yahoo.com,2025-03-19 00:13:55,PREMIUM
CUST00455,John Davis,john.davis91@gmail.com,2025-06-21 00:03:11,VIP
CUST00456,Kevin Clark,kevin.clark77@yahoo.com,2025-08-03 17:54:51,REGULAR
CUST00457,Charlie White,charlie.white39@example.com,2025-07-31 13:33:43,PREMIUM
CUST00458,Alice Clark,alice.clark27@outlook.com,2025-02-08 21:33:00,VIP
CUST00459,Jane Garcia,jane.garcia26@yahoo.com,2025-05-30 09:30:08,PREMIUM
CUST00460,Kevin Hall,kevin.hall44@yahoo.com,2025-02-08 07:22:49,REGULAR
CUST00461,James Brown,james.brown31@outlook.com,2025-08-27 11:26:00,PREMIUM
CUST00462,Bob Lewis,bob.lewis36@outlook.com,2025-06-07 16:52:11,PREMIUM
CUST00463,Bob Johnson,bob.johnson97@hotmail.com,2026-02-28 21:57:56,REGULAR
CUST00464,Ethan Hall,ethan.hall41@hotmail.com,2025-07-22 18:41:40,REGULAR
CUST00465,Hannah White,hannah.white32@gmail.com,2025-07-27 16:27:50,VIP
CUST00466,Emma Davis,emma.davis23@yahoo.com,2025-03-04 00:26:07,REGULAR
CUST00467,Fiona Taylor,fiona.taylor61@hotmail.com,2025-12-18 22:56:54,VIP
CUST00468,Alice Clark,alice.clark19@gmail.com,2025-02-03 07:11:59,VIP
CUST00469,Michael Taylor,michael.taylor52@gmail.com,2025-01-22 16:47:03,REGULAR
CUST00470,Diana Clark,diana.clark60@outlook.com,2025-01-16 13:56:05,VIP
CUST00471,Laura Miller,laura.miller33@hotmail.com,2025-05-24 16:14:19,REGULAR
CUST00472,Jane Robinson,jane.robinson41@hotmail.com,2025-09-13 15:00:00,VIP
CUST00473,Sarah Doe,sarah.doe59@yahoo.com,2025-08-03 07:15:43,VIP
CUST00474,David Davis,david.davis79@gmail.com,2025-07-15 13:04:29,PREMIUM
CUST00475,Emma Lee,emma.lee82@example.com,2025-06-14 14:08:25,PREMIUM
CUST00476,Diana Smith,diana.smith38@gmail.com,2026-04-04 10:13:42,REGULAR
CUST00477,Sarah Harris,sarah.harris84@yahoo.com,2025-03-23 03:38:44,REGULAR
CUST00478,Fiona White,fiona.white17@yahoo.com,2025-10-22 14:08:31,PREMIUM
CUST00479,Diana Miller,diana.miller50@hotmail.com,2026-04-13 21:32:17,REGULAR
CUST00480,Julia Clark,julia.clark82@yahoo.com,2026-03-05 17:55:17,VIP
CUST00481,Hannah Miller,hannah.miller21@gmail.com,2025-04-30 21:54:21,REGULAR
CUST00482,John Harris,john.harris52@example.com,2025-04-14 04:45:03,PREMIUM
CUST00483,Diana Hall,diana.hall28@example.com,2025-12-27 05:09:26,REGULAR
CUST00484,David Thomas,david.thomas57@outlook.com,2025-10-28 03:40:42,PREMIUM
CUST00485,Hannah Hall,hannah.hall30@outlook.com,2026-02-10 23:16:29,PREMIUM
CUST00486,Ian Miller,ian.miller81@example.com,2026-02-07 12:59:29,REGULAR
CUST00487,James Miller,james.miller98@hotmail.com,2025-03-07 06:28:12,VIP
CUST00488,John Clark,john.clark82@gmail.com,2025-04-04 21:55:56,PREMIUM
CUST00489,Olivia Davis,olivia.davis23@outlook.com,2025-03-14 12:03:26,VIP
CUST00490,Alice Davis,alice.davis50@yahoo.com,2025-11-22 03:13:49,VIP
CUST00491,Ian Roy,ian.roy36@,2025-05-08 02:28:05,PREMIUM
CUST00492,George Brown,george.brown16@outlook.com,2025-08-13 15:16:44,REGULAR
CUST00493,Laura Lee,laura.lee54@example.com,2025-07-12 03:41:34,PREMIUM
CUST00494,James Davis,james.davis19@gmail.com,2025-05-31 00:43:51,PREMIUM
CUST00495,George Brown,george.brown31@outlook.com,2025-03-24 02:43:50,VIP
CUST00496,Alice Hall,alice.hall88@outlook.com,2025-12-27 01:07:42,PREMIUM
CUST00497,Diana Robinson,diana.robinson30@gmail.com,2025-02-21 12:03:17,REGULAR
CUST00498,Ethan Garcia,ethan.garcia79@hotmail.com,2025-12-05 10:14:59,PREMIUM
CUST00499,Fiona Brown,fiona.brown83@example.com,2026-03-07 17:52:29,REGULAR
CUST00500,Jane Thomas,jane.thomas21hotmail.com,2026-02-26 22:45:31,VIP
CUST00501,Sarah Wilson,sarah.wilson36@yahoo.com,2025-11-23 10:37:28,REGULAR
CUST00502,Sarah Brown,sarah.brown60@outlook.com,2025-09-08 09:38:54,REGULAR
CUST00503,Emma Martin,emma.martin58@hotmail.com,2025-04-06 16:13:48,REGULAR
CUST00504,George Roy,george.roy38@hotmail.com,2025-10-16 02:14:39,REGULAR
CUST00505,Bob Johnson,bob.johnson79@outlook.com,2026-01-23 21:28:16,REGULAR
CUST00506,Emma Doe,emma.doe76@outlook.com,2025-10-02 17:17:16,VIP
CUST00507,Fiona Lee,fiona.lee60@gmail.com,2025-09-15 20:47:50,VIP
CUST00508,James Robinson,james.robinson67@yahoo.com,2026-05-01 06:05:10,REGULAR
CUST00509,Ethan Taylor,ethan.taylor20@outlook.com,2025-04-14 22:50:11,REGULAR
CUST00510,Olivia White,olivia.white18@gmail.com,2025-07-18 20:15:23,PREMIUM
CUST00511,Emma Hall,emma.hall76@outlook.com,2026-04-15 00:27:00,VIP
CUST00512,Olivia Clark,olivia.clark63@gmail.com,2025-08-01 05:26:53,REGULAR
CUST00513,James Clark,james.clark22@gmail.com,2025-10-16 03:40:37,PREMIUM
CUST00514,Emma Thomas,emma.thomas43@outlook.com,2025-12-02 17:40:46,VIP
CUST00515,Olivia Lee,olivia.lee45@outlook.com,2025-03-15 22:30:34,VIP
CUST00516,Kevin Doe,kevin.doe52@yahoo.com,2025-01-26 17:18:07,PREMIUM
CUST00517,Julia Smith,julia.smith48@hotmail.com,2025-05-24 17:53:57,VIP
CUST00518,Bob Davis,bob.davis66@hotmail.com,2025-05-18 15:10:27,VIP
CUST00519,Alice Wilson,alice.wilson62@outlook.com,2026-01-24 18:48:18,PREMIUM
CUST00520,Jane Harris,jane.harris18@hotmail.com,2025-12-30 18:27:06,PREMIUM
CUST00521,Charlie Harris,charlie.harris13@yahoo.com,2025-04-09 07:18:29,REGULAR
CUST00522,Fiona Doe,fiona.doe56@yahoo.com,2025-05-21 13:24:40,PREMIUM
CUST00523,David Martin,david.martin25@gmail.com,2025-05-04 13:33:39,PREMIUM
CUST00524,Olivia Roy,olivia.roy70@example.com,2025-10-10 12:44:03,PREMIUM
CUST00525,Diana White,diana.white98@gmail.com,2025-05-26 00:59:57,PREMIUM
CUST00526,Jane Miller,jane.miller37@yahoo.com,2025-11-28 08:11:45,VIP
CUST00527,Ethan White,ethan.white75@gmail.com,2026-03-19 00:19:26,PREMIUM
CUST00528,Charlie Miller,charlie.miller11@yahoo.com,2025-05-10 22:08:56,PREMIUM
CUST00529,George Garcia,george.garcia54@outlook.com,2025-05-10 07:56:41,PREMIUM
CUST00530,Hannah Harris,hannah.harris60@example.com,2025-02-22 00:16:03,VIP
CUST00531,Julia Lewis,julia.lewis87@hotmail.com,2025-06-02 03:56:09,PREMIUM
CUST00532,Alice Hall,alice.hall91@hotmail.com,2026-03-18 10:04:51,PREMIUM
CUST00533,Hannah Wilson,hannah.wilson40@gmail.com,2026-02-17 21:50:47,PREMIUM
CUST00534,Ian Taylor,ian.taylor93@outlook.com,2025-06-01 09:26:43,PREMIUM
CUST00535,Kevin Martin,kevin.martin84@example.com,2026-02-22 06:54:52,PREMIUM
CUST00536,Fiona Lewis,fiona.lewis70@hotmail.com,2025-09-17 10:55:47,REGULAR
CUST00537,Emma Miller,emma.miller70@yahoo.com,2026-01-15 09:25:02,VIP
CUST00538,Emma Miller,emma.miller52@gmail.com,2025-04-24 12:56:07,REGULAR
CUST00539,Hannah Garcia,hannah.garcia52@hotmail.com,2025-05-14 21:19:11,PREMIUM
CUST00540,Michael Brown,michael.brown91@example.com,2025-10-25 22:35:50,REGULAR
CUST00541,Sarah Wilson,sarah.wilson97@outlook.com,2025-09-29 10:51:46,PREMIUM
CUST00542,Jane Taylor,jane.taylor35@hotmail.com,2025-07-29 20:43:52,PREMIUM
CUST00543,Charlie Hall,charlie.hall33@gmail.com,2025-09-07 12:06:38,VIP
CUST00544,Diana Hall,diana.hall10@outlook.com,2025-05-21 07:37:24,REGULAR
CUST00545,James Miller,james.miller21@yahoo.com,2025-11-11 15:47:27,VIP
CUST00546,Laura Martin,laura.martin71@outlook.com,2025-01-03 01:22:24,VIP
CUST00547,Ethan Thomas,ethan.thomas51@example.com,2025-04-08 00:39:08,VIP
CUST00548,John Davis,john.davis54@hotmail.com,2025-03-08 03:44:22,PREMIUM
CUST00549,David Clark,david.clark18@gmail.com,2025-06-02 10:35:19,PREMIUM
CUST00550,David Robinson,david.robinson65@yahoo.com,2025-06-25 17:50:48,PREMIUM
CUST00551,Ethan Miller,ethan.miller61@gmail.com,2025-04-27 08:10:02,VIP
CUST00552,Charlie Wilson,charlie.wilson85@example.com,2025-03-28 04:29:03,PREMIUM
CUST00553,Jane Martin,jane.martin42@example.com,2025-11-16 01:46:08,VIP
CUST00554,Jane Brown,jane.brown12@gmail.com,2025-12-20 04:12:56,PREMIUM
CUST00555,Michael Martin,michael.martin42@outlook.com,2025-12-26 05:34:30,REGULAR
CUST00556,John Clark,john.clark22@example.com,2025-05-19 22:40:31,VIP
CUST00557,Charlie Garcia,charlie.garcia23@example.com,2026-01-04 22:29:22,REGULAR
CUST00558,Hannah Brown,hannah.brown73@yahoo.com,2025-11-08 07:16:21,PREMIUM
CUST00559,David Wilson,david.wilson62@hotmail.com,2025-03-24 01:26:04,VIP
CUST00560,Sarah Wilson,sarah.wilson71@hotmail.com,2025-05-01 00:05:58,REGULAR
CUST00561,Alice Brown,alice.brown95@outlook.com,2025-03-18 03:16:47,VIP
CUST00562,Alice Brown,alice.brown92@yahoo.com,2025-08-22 10:46:40,PREMIUM
CUST00563,Michael Doe,michael.doe32@gmail.com,2026-03-13 10:34:45,PREMIUM
CUST00564,Ian Garcia,ian.garcia22@gmail.com,2025-01-05 05:02:19,VIP
CUST00565,Diana Hall,diana.hall66@example.com,2025-05-18 03:23:03,PREMIUM
CUST00566,Ian Miller,ian.miller61@outlook.com,2025-05-20 14:02:36,VIP
CUST00567,Sarah Garcia,sarah.garcia31@gmail.com,2025-03-09 02:08:06,REGULAR
CUST00568,Bob Garcia,bob.garcia71@example.com,2025-12-14 15:57:10,REGULAR
CUST00569,Olivia Martin,olivia.martin88@gmail.com,2026-03-18 04:45:25,PREMIUM
CUST00570,Sarah Brown,sarah.brown66@gmail.com,2025-02-02 09:31:30,VIP
CUST00571,Ian Smith,ian.smith96@example.com,2026-01-28 20:59:42,VIP
CUST00572,James Davis,james.davis95@hotmail.com,2025-09-23 19:02:44,VIP
CUST00573,Olivia Brown,olivia.brown41@outlook.com,2025-06-27 23:21:10,PREMIUM
CUST00574,Charlie Lewis,charlie.lewis88@gmail.com,2025-01-06 23:25:31,REGULAR
CUST00575,David Lee,david.lee31@gmail.com,2026-01-20 17:54:01,PREMIUM
CUST00576,Fiona Hall,fiona.hall16@example.com,2025-04-25 20:02:34,VIP
CUST00577,Kevin Martin,kevin.martin20@outlook.com,2025-08-16 20:51:48,PREMIUM
CUST00578,Alice Lee,alice.lee25@outlook.com,2026-01-17 23:47:18,REGULAR
CUST00579,Bob Martin,bob.martin81@example.com,2025-01-01 03:18:33,VIP
CUST00580,Olivia Clark,olivia.clark81@yahoo.com,2025-12-02 16:36:36,PREMIUM
CUST00581,Julia Doe,julia.doe68@hotmail.com,2025-10-14 22:33:52,VIP
CUST00582,Sarah Thomas,sarah.thomas24@gmail.com,2026-01-24 23:59:24,REGULAR
CUST00583,John Hall,john.hall91@hotmail.com,2025-10-08 19:00:17,PREMIUM
CUST00584,Bob Doe,bob.doe73@yahoo.com,2026-02-25 14:53:56,REGULAR
CUST00585,George Robinson,george.robinson25@outlook.com,2025-04-21 16:38:25,REGULAR
CUST00586,Ian Brown,ian.brown15@example.com,2025-03-05 16:24:08,PREMIUM
CUST00587,James Harris,james.harris73@gmail.com,2025-09-29 01:46:06,VIP
CUST00588,Laura Clark,laura.clark75@yahoo.com,2025-12-21 21:03:52,REGULAR
CUST00589,Charlie Brown,charlie.brown86@example.com,2026-03-28 11:43:04,VIP
CUST00590,Kevin Garcia,kevin.garcia98@yahoo.com,2025-05-21 14:29:09,PREMIUM
CUST00591,Hannah Roy,hannah.roy27@outlook.com,2025-11-05 18:39:07,PREMIUM
CUST00592,Emma Hall,emma.hall80@yahoo.com,2025-04-13 07:38:07,VIP
CUST00593,Hannah Thomas,hannah.thomas26@yahoo.com,2025-09-15 19:45:05,VIP
CUST00594,Ian Brown,ian.brown81@outlook.com,2025-10-26 20:46:34,VIP
CUST00595,Laura Lewis,laura.lewis64@gmail.com,2025-09-25 03:52:35,REGULAR
CUST00596,Kevin Taylor,kevin.taylor17@yahoo.com,2025-05-17 05:51:34,PREMIUM
CUST00597,George Taylor,george.taylor98@hotmail.com,2025-04-15 19:42:12,REGULAR
CUST00598,Julia Roy,julia.roy96@example.com,2026-03-19 08:10:00,VIP
CUST00599,Emma Martin,emma.martin99@hotmail.com,2025-12-21 01:42:37,PREMIUM
CUST00600,Kevin Garcia,kevin.garcia97@hotmail.com,2025-10-10 01:57:31,REGULAR
